file,line,type,commit,author,date,time,timezone,datetime,depth,length
style.css,1,css,9d699acb,ethanhaus3,2025-04-04,23:50:20,-07:00,2025-04-04T23:50:20-07:00,0,4
style.css,2,css,9d699acb,ethanhaus3,2025-04-04,23:50:20,-07:00,2025-04-04T23:50:20-07:00,1,43
style.css,3,css,9d699acb,ethanhaus3,2025-04-04,23:50:20,-07:00,2025-04-04T23:50:20-07:00,0,42
style.css,4,css,9d699acb,ethanhaus3,2025-04-04,23:50:20,-07:00,2025-04-04T23:50:20-07:00,0,0
style.css,5,css,9d699acb,ethanhaus3,2025-04-04,23:50:20,-07:00,2025-04-04T23:50:20-07:00,1,23
style.css,6,css,c905f828,ethanhaus3,2025-04-11,12:14:42,-07:00,2025-04-11T12:14:42-07:00,1,15
style.css,7,css,07c52126,ethanhaus3,2025-04-11,12:19:40,-07:00,2025-04-11T12:19:40-07:00,1,18
style.css,8,css,48d89c2e,ethanhaus3,2025-04-11,12:38:43,-07:00,2025-04-11T12:38:43-07:00,1,12
style.css,9,css,7bfc6eff,ethanhaus3,2025-04-11,12:08:50,-07:00,2025-04-11T12:08:50-07:00,0,0
style.css,10,css,0fcaf98f,ethanhaus3,2025-04-11,12:07:49,-07:00,2025-04-11T12:07:49-07:00,0,0
style.css,11,css,9d699acb,ethanhaus3,2025-04-04,23:50:20,-07:00,2025-04-04T23:50:20-07:00,0,0
style.css,12,css,78bf92c0,ethanhaus3,2025-04-11,12:45:23,-07:00,2025-04-11T12:45:23-07:00,0,0
style.css,13,css,f2872e4d,ethanhaus3,2025-04-11,21:53:40,-07:00,2025-04-11T21:53:40-07:00,0,3
style.css,14,css,f2872e4d,ethanhaus3,2025-04-11,21:53:40,-07:00,2025-04-11T21:53:40-07:00,1,12
style.css,15,css,f2872e4d,ethanhaus3,2025-04-11,21:53:40,-07:00,2025-04-11T21:53:40-07:00,0,0
style.css,16,css,6f332874,ethanhaus3,2025-04-11,12:56:57,-07:00,2025-04-11T12:56:57-07:00,0,6
style.css,17,css,03c60c4b,ethanhaus3,2025-04-11,20:01:59,-07:00,2025-04-11T20:01:59-07:00,1,16
style.css,18,css,3ce33020,ethanhaus3,2025-04-11,19:55:25,-07:00,2025-04-11T19:55:25-07:00,1,18
style.css,19,css,3ce33020,ethanhaus3,2025-04-11,19:55:25,-07:00,2025-04-11T19:55:25-07:00,1,23
style.css,20,css,3ce33020,ethanhaus3,2025-04-11,19:55:25,-07:00,2025-04-11T19:55:25-07:00,1,25
style.css,21,css,063935e2,ethanhaus3,2025-04-18,16:41:23,-07:00,2025-04-18T16:41:23-07:00,1,39
style.css,22,css,063935e2,ethanhaus3,2025-04-18,16:41:23,-07:00,2025-04-18T16:41:23-07:00,0,0
style.css,23,css,78bf92c0,ethanhaus3,2025-04-11,12:45:23,-07:00,2025-04-11T12:45:23-07:00,0,0
style.css,24,css,78bf92c0,ethanhaus3,2025-04-11,12:45:23,-07:00,2025-04-11T12:45:23-07:00,0,0
style.css,25,css,6ab2d216,ethanhaus3,2025-04-11,14:43:49,-07:00,2025-04-11T14:43:49-07:00,0,5
style.css,26,css,d9cd5460,ethanhaus3,2025-04-11,20:06:20,-07:00,2025-04-11T20:06:20-07:00,1,16
style.css,27,css,6ab2d216,ethanhaus3,2025-04-11,14:43:49,-07:00,2025-04-11T14:43:49-07:00,1,4
style.css,28,css,6ab2d216,ethanhaus3,2025-04-11,14:43:49,-07:00,2025-04-11T14:43:49-07:00,0,0
style.css,29,css,01b728ec,ethanhaus3,2025-04-11,14:31:09,-07:00,2025-04-11T14:31:09-07:00,0,0
style.css,30,css,01b728ec,ethanhaus3,2025-04-11,14:31:09,-07:00,2025-04-11T14:31:09-07:00,0,5
style.css,31,css,6ab2d216,ethanhaus3,2025-04-11,14:43:49,-07:00,2025-04-11T14:43:49-07:00,1,12
style.css,32,css,7a906bef,ethanhaus3,2025-04-11,14:22:45,-07:00,2025-04-11T14:22:45-07:00,1,6
style.css,33,css,3ce33020,ethanhaus3,2025-04-11,19:55:25,-07:00,2025-04-11T19:55:25-07:00,1,20
style.css,34,css,3ce33020,ethanhaus3,2025-04-11,19:55:25,-07:00,2025-04-11T19:55:25-07:00,1,13
style.css,35,css,3ce33020,ethanhaus3,2025-04-11,19:55:25,-07:00,2025-04-11T19:55:25-07:00,1,17
style.css,36,css,3ce33020,ethanhaus3,2025-04-11,19:55:25,-07:00,2025-04-11T19:55:25-07:00,1,13
style.css,37,css,3ce33020,ethanhaus3,2025-04-11,19:55:25,-07:00,2025-04-11T19:55:25-07:00,0,0
style.css,38,css,3ce33020,ethanhaus3,2025-04-11,19:55:25,-07:00,2025-04-11T19:55:25-07:00,0,0
style.css,39,css,37d5d189,ethanhaus3,2025-04-18,14:41:46,-07:00,2025-04-18T14:41:46-07:00,0,13
style.css,40,css,3ce33020,ethanhaus3,2025-04-11,19:55:25,-07:00,2025-04-11T19:55:25-07:00,1,62
style.css,41,css,37d5d189,ethanhaus3,2025-04-18,14:41:46,-07:00,2025-04-18T14:41:46-07:00,1,56
style.css,42,css,37d5d189,ethanhaus3,2025-04-18,14:41:46,-07:00,2025-04-18T14:41:46-07:00,1,16
style.css,43,css,37d5d189,ethanhaus3,2025-04-18,14:41:46,-07:00,2025-04-18T14:41:46-07:00,0,0
style.css,44,css,02ec76e0,ethanhaus3,2025-04-11,20:36:06,-07:00,2025-04-11T20:36:06-07:00,0,0
style.css,45,css,4eb7d407,ethanhaus3,2025-04-11,21:05:21,-07:00,2025-04-11T21:05:21-07:00,0,3
style.css,46,css,4eb7d407,ethanhaus3,2025-04-11,21:05:21,-07:00,2025-04-11T21:05:21-07:00,1,12
style.css,47,css,4eb7d407,ethanhaus3,2025-04-11,21:05:21,-07:00,2025-04-11T21:05:21-07:00,1,30
style.css,48,css,4eb7d407,ethanhaus3,2025-04-11,21:05:21,-07:00,2025-04-11T21:05:21-07:00,1,7
style.css,49,css,4eb7d407,ethanhaus3,2025-04-11,21:05:21,-07:00,2025-04-11T21:05:21-07:00,1,18
style.css,50,css,4eb7d407,ethanhaus3,2025-04-11,21:05:21,-07:00,2025-04-11T21:05:21-07:00,1,14
style.css,51,css,4eb7d407,ethanhaus3,2025-04-11,21:05:21,-07:00,2025-04-11T21:05:21-07:00,0,0
style.css,52,css,4eb7d407,ethanhaus3,2025-04-11,21:05:21,-07:00,2025-04-11T21:05:21-07:00,0,0
style.css,53,css,02ec76e0,ethanhaus3,2025-04-11,20:36:06,-07:00,2025-04-11T20:36:06-07:00,0,5
style.css,54,css,02ec76e0,ethanhaus3,2025-04-11,20:36:06,-07:00,2025-04-11T20:36:06-07:00,1,39
style.css,55,css,02ec76e0,ethanhaus3,2025-04-11,20:36:06,-07:00,2025-04-11T20:36:06-07:00,1,32
style.css,56,css,02ec76e0,ethanhaus3,2025-04-11,20:36:06,-07:00,2025-04-11T20:36:06-07:00,0,0
style.css,57,css,02ec76e0,ethanhaus3,2025-04-11,20:36:06,-07:00,2025-04-11T20:36:06-07:00,0,0
style.css,58,css,02ec76e0,ethanhaus3,2025-04-11,20:36:06,-07:00,2025-04-11T20:36:06-07:00,0,11
style.css,59,css,02ec76e0,ethanhaus3,2025-04-11,20:36:06,-07:00,2025-04-11T20:36:06-07:00,1,45
style.css,60,css,6aae887f,ethanhaus3,2025-04-18,16:42:38,-07:00,2025-04-18T16:42:38-07:00,1,69
style.css,61,css,6aae887f,ethanhaus3,2025-04-18,16:42:38,-07:00,2025-04-18T16:42:38-07:00,0,0
style.css,62,css,976cb305,ethanhaus3,2025-04-11,20:48:21,-07:00,2025-04-11T20:48:21-07:00,0,0
style.css,63,css,976cb305,ethanhaus3,2025-04-11,20:48:21,-07:00,2025-04-11T20:48:21-07:00,0,0
style.css,64,css,976cb305,ethanhaus3,2025-04-11,20:48:21,-07:00,2025-04-11T20:48:21-07:00,0,5
style.css,65,css,4eb7d407,ethanhaus3,2025-04-11,21:05:21,-07:00,2025-04-11T21:05:21-07:00,1,12
style.css,66,css,4eb7d407,ethanhaus3,2025-04-11,21:05:21,-07:00,2025-04-11T21:05:21-07:00,1,29
style.css,67,css,4eb7d407,ethanhaus3,2025-04-11,21:05:21,-07:00,2025-04-11T21:05:21-07:00,1,18
style.css,68,css,976cb305,ethanhaus3,2025-04-11,20:48:21,-07:00,2025-04-11T20:48:21-07:00,1,64
style.css,69,css,976cb305,ethanhaus3,2025-04-11,20:48:21,-07:00,2025-04-11T20:48:21-07:00,0,0
style.css,70,css,976cb305,ethanhaus3,2025-04-11,20:48:21,-07:00,2025-04-11T20:48:21-07:00,0,0
style.css,71,css,976cb305,ethanhaus3,2025-04-11,20:48:21,-07:00,2025-04-11T20:48:21-07:00,0,4
style.css,72,css,4eb7d407,ethanhaus3,2025-04-11,21:05:21,-07:00,2025-04-11T21:05:21-07:00,0,7
style.css,73,css,4eb7d407,ethanhaus3,2025-04-11,21:05:21,-07:00,2025-04-11T21:05:21-07:00,1,13
style.css,74,css,976cb305,ethanhaus3,2025-04-11,20:48:21,-07:00,2025-04-11T20:48:21-07:00,1,63
style.css,75,css,976cb305,ethanhaus3,2025-04-11,20:48:21,-07:00,2025-04-11T20:48:21-07:00,1,70
style.css,76,css,4eb7d407,ethanhaus3,2025-04-11,21:05:21,-07:00,2025-04-11T21:05:21-07:00,1,21
style.css,77,css,4eb7d407,ethanhaus3,2025-04-11,21:05:21,-07:00,2025-04-11T21:05:21-07:00,1,15
style.css,78,css,976cb305,ethanhaus3,2025-04-11,20:48:21,-07:00,2025-04-11T20:48:21-07:00,1,73
style.css,79,css,4eb7d407,ethanhaus3,2025-04-11,21:05:21,-07:00,2025-04-11T21:05:21-07:00,0,0
style.css,80,css,4eb7d407,ethanhaus3,2025-04-11,21:05:21,-07:00,2025-04-11T21:05:21-07:00,0,0
style.css,81,css,4eb7d407,ethanhaus3,2025-04-11,21:05:21,-07:00,2025-04-11T21:05:21-07:00,0,5
style.css,82,css,4eb7d407,ethanhaus3,2025-04-11,21:05:21,-07:00,2025-04-11T21:05:21-07:00,1,13
style.css,83,css,f2872e4d,ethanhaus3,2025-04-11,21:53:40,-07:00,2025-04-11T21:53:40-07:00,0,0
style.css,84,css,f2872e4d,ethanhaus3,2025-04-11,21:53:40,-07:00,2025-04-11T21:53:40-07:00,0,0
style.css,85,css,f2872e4d,ethanhaus3,2025-04-11,21:53:40,-07:00,2025-04-11T21:53:40-07:00,0,9
style.css,86,css,f2872e4d,ethanhaus3,2025-04-11,21:53:40,-07:00,2025-04-11T21:53:40-07:00,1,12
style.css,87,css,f2872e4d,ethanhaus3,2025-04-11,21:53:40,-07:00,2025-04-11T21:53:40-07:00,1,58
style.css,88,css,f2872e4d,ethanhaus3,2025-04-11,21:53:40,-07:00,2025-04-11T21:53:40-07:00,1,7
style.css,89,css,f2872e4d,ethanhaus3,2025-04-11,21:53:40,-07:00,2025-04-11T21:53:40-07:00,0,0
style.css,90,css,f2872e4d,ethanhaus3,2025-04-11,21:53:40,-07:00,2025-04-11T21:53:40-07:00,0,0
style.css,91,css,f2872e4d,ethanhaus3,2025-04-11,21:53:40,-07:00,2025-04-11T21:53:40-07:00,0,6
style.css,92,css,f2872e4d,ethanhaus3,2025-04-11,21:53:40,-07:00,2025-04-11T21:53:40-07:00,1,12
style.css,93,css,f2872e4d,ethanhaus3,2025-04-11,21:53:40,-07:00,2025-04-11T21:53:40-07:00,1,26
style.css,94,css,f2872e4d,ethanhaus3,2025-04-11,21:53:40,-07:00,2025-04-11T21:53:40-07:00,1,15
style.css,95,css,f2872e4d,ethanhaus3,2025-04-11,21:53:40,-07:00,2025-04-11T21:53:40-07:00,1,6
style.css,96,css,f2872e4d,ethanhaus3,2025-04-11,21:53:40,-07:00,2025-04-11T21:53:40-07:00,0,0
style.css,97,css,f2872e4d,ethanhaus3,2025-04-11,21:53:40,-07:00,2025-04-11T21:53:40-07:00,0,9
style.css,98,css,f2872e4d,ethanhaus3,2025-04-11,21:53:40,-07:00,2025-04-11T21:53:40-07:00,1,7
style.css,99,css,f2872e4d,ethanhaus3,2025-04-11,21:53:40,-07:00,2025-04-11T21:53:40-07:00,0,0
style.css,100,css,f2872e4d,ethanhaus3,2025-04-11,21:53:40,-07:00,2025-04-11T21:53:40-07:00,0,0
style.css,101,css,f2872e4d,ethanhaus3,2025-04-11,21:53:40,-07:00,2025-04-11T21:53:40-07:00,0,2
style.css,102,css,f2872e4d,ethanhaus3,2025-04-11,21:53:40,-07:00,2025-04-11T21:53:40-07:00,1,62
style.css,103,css,f2872e4d,ethanhaus3,2025-04-11,21:53:40,-07:00,2025-04-11T21:53:40-07:00,0,0
style.css,104,css,f2872e4d,ethanhaus3,2025-04-11,21:53:40,-07:00,2025-04-11T21:53:40-07:00,0,0
style.css,105,css,f2872e4d,ethanhaus3,2025-04-11,21:53:40,-07:00,2025-04-11T21:53:40-07:00,0,22
style.css,106,css,f2872e4d,ethanhaus3,2025-04-11,21:53:40,-07:00,2025-04-11T21:53:40-07:00,1,54
style.css,107,css,f2872e4d,ethanhaus3,2025-04-11,21:53:40,-07:00,2025-04-11T21:53:40-07:00,1,56
style.css,108,css,f2872e4d,ethanhaus3,2025-04-11,21:53:40,-07:00,2025-04-11T21:53:40-07:00,0,0
style.css,109,css,f2872e4d,ethanhaus3,2025-04-11,21:53:40,-07:00,2025-04-11T21:53:40-07:00,0,0
style.css,110,css,f2872e4d,ethanhaus3,2025-04-11,21:53:40,-07:00,2025-04-11T21:53:40-07:00,0,13
style.css,111,css,f2872e4d,ethanhaus3,2025-04-11,21:53:40,-07:00,2025-04-11T21:53:40-07:00,1,19
style.css,112,css,f2872e4d,ethanhaus3,2025-04-11,21:53:40,-07:00,2025-04-11T21:53:40-07:00,1,31
style.css,113,css,f2872e4d,ethanhaus3,2025-04-11,21:53:40,-07:00,2025-04-11T21:53:40-07:00,0,0
style.css,114,css,f2872e4d,ethanhaus3,2025-04-11,21:53:40,-07:00,2025-04-11T21:53:40-07:00,0,0
style.css,115,css,f2872e4d,ethanhaus3,2025-04-11,21:53:40,-07:00,2025-04-11T21:53:40-07:00,0,0
style.css,116,css,f2872e4d,ethanhaus3,2025-04-11,21:53:40,-07:00,2025-04-11T21:53:40-07:00,0,6
style.css,117,css,f2872e4d,ethanhaus3,2025-04-11,21:53:40,-07:00,2025-04-11T21:53:40-07:00,1,19
style.css,118,css,f2872e4d,ethanhaus3,2025-04-11,21:53:40,-07:00,2025-04-11T21:53:40-07:00,1,31
style.css,119,css,f2872e4d,ethanhaus3,2025-04-11,21:53:40,-07:00,2025-04-11T21:53:40-07:00,0,0
style.css,120,css,f2872e4d,ethanhaus3,2025-04-11,21:53:40,-07:00,2025-04-11T21:53:40-07:00,0,0
style.css,121,css,f2872e4d,ethanhaus3,2025-04-11,21:53:40,-07:00,2025-04-11T21:53:40-07:00,0,15
style.css,122,css,f2872e4d,ethanhaus3,2025-04-11,21:53:40,-07:00,2025-04-11T21:53:40-07:00,1,12
style.css,123,css,f2872e4d,ethanhaus3,2025-04-11,21:53:40,-07:00,2025-04-11T21:53:40-07:00,0,0
style.css,124,css,f2872e4d,ethanhaus3,2025-04-11,21:53:40,-07:00,2025-04-11T21:53:40-07:00,0,0
style.css,125,css,f2872e4d,ethanhaus3,2025-04-11,21:53:40,-07:00,2025-04-11T21:53:40-07:00,0,16
style.css,126,css,f2872e4d,ethanhaus3,2025-04-11,21:53:40,-07:00,2025-04-11T21:53:40-07:00,1,17
style.css,127,css,f2872e4d,ethanhaus3,2025-04-11,21:53:40,-07:00,2025-04-11T21:53:40-07:00,0,0
style.css,128,css,b4eb6917,ethanhaus3,2025-04-18,16:37:13,-07:00,2025-04-18T16:37:13-07:00,0,0
style.css,129,css,b4eb6917,ethanhaus3,2025-04-18,16:37:13,-07:00,2025-04-18T16:37:13-07:00,0,0
style.css,130,css,b4eb6917,ethanhaus3,2025-04-18,16:37:13,-07:00,2025-04-18T16:37:13-07:00,0,4
style.css,131,css,92977662,ethanhaus3,2025-04-18,17:02:06,-07:00,2025-04-18T17:02:06-07:00,1,23
style.css,132,css,b4eb6917,ethanhaus3,2025-04-18,16:37:13,-07:00,2025-04-18T16:37:13-07:00,0,0
style.css,133,css,063935e2,ethanhaus3,2025-04-18,16:41:23,-07:00,2025-04-18T16:41:23-07:00,0,0
style.css,134,css,063935e2,ethanhaus3,2025-04-18,16:41:23,-07:00,2025-04-18T16:41:23-07:00,0,3
style.css,135,css,063935e2,ethanhaus3,2025-04-18,16:41:23,-07:00,2025-04-18T16:41:23-07:00,1,39
style.css,136,css,063935e2,ethanhaus3,2025-04-18,16:41:23,-07:00,2025-04-18T16:41:23-07:00,1,41
style.css,137,css,063935e2,ethanhaus3,2025-04-18,16:41:23,-07:00,2025-04-18T16:41:23-07:00,0,0
style.css,138,css,81e3de0f,ethanhaus3,2025-04-18,17:01:09,-07:00,2025-04-18T17:01:09-07:00,0,0
style.css,139,css,81e3de0f,ethanhaus3,2025-04-18,17:01:09,-07:00,2025-04-18T17:01:09-07:00,0,13
style.css,140,css,5463dab5,ethanhaus3,2025-04-18,17:15:51,-07:00,2025-04-18T17:15:51-07:00,1,17
style.css,141,css,1831f309,ethanhaus3,2025-04-18,17:04:46,-07:00,2025-04-18T17:04:46-07:00,1,55
style.css,142,css,1831f309,ethanhaus3,2025-04-18,17:04:46,-07:00,2025-04-18T17:04:46-07:00,1,57
style.css,143,css,1831f309,ethanhaus3,2025-04-18,17:04:46,-07:00,2025-04-18T17:04:46-07:00,1,23
style.css,144,css,81e3de0f,ethanhaus3,2025-04-18,17:01:09,-07:00,2025-04-18T17:01:09-07:00,1,16
style.css,145,css,81e3de0f,ethanhaus3,2025-04-18,17:01:09,-07:00,2025-04-18T17:01:09-07:00,1,27
style.css,146,css,81e3de0f,ethanhaus3,2025-04-18,17:01:09,-07:00,2025-04-18T17:01:09-07:00,1,20
style.css,147,css,1831f309,ethanhaus3,2025-04-18,17:04:46,-07:00,2025-04-18T17:04:46-07:00,1,22
style.css,148,css,5463dab5,ethanhaus3,2025-04-18,17:15:51,-07:00,2025-04-18T17:15:51-07:00,1,42
style.css,149,css,2bb33a5a,ethanhaus3,2025-04-18,17:06:26,-07:00,2025-04-18T17:06:26-07:00,1,62
style.css,150,css,1831f309,ethanhaus3,2025-04-18,17:04:46,-07:00,2025-04-18T17:04:46-07:00,1,46
style.css,151,css,81e3de0f,ethanhaus3,2025-04-18,17:01:09,-07:00,2025-04-18T17:01:09-07:00,0,0
style.css,152,css,1831f309,ethanhaus3,2025-04-18,17:04:46,-07:00,2025-04-18T17:04:46-07:00,0,0
style.css,153,css,1831f309,ethanhaus3,2025-04-18,17:04:46,-07:00,2025-04-18T17:04:46-07:00,0,20
style.css,154,css,1831f309,ethanhaus3,2025-04-18,17:04:46,-07:00,2025-04-18T17:04:46-07:00,1,63
style.css,155,css,2bb33a5a,ethanhaus3,2025-04-18,17:06:26,-07:00,2025-04-18T17:06:26-07:00,1,65
style.css,156,css,1831f309,ethanhaus3,2025-04-18,17:04:46,-07:00,2025-04-18T17:04:46-07:00,1,68
style.css,157,css,1831f309,ethanhaus3,2025-04-18,17:04:46,-07:00,2025-04-18T17:04:46-07:00,1,64
style.css,158,css,1831f309,ethanhaus3,2025-04-18,17:04:46,-07:00,2025-04-18T17:04:46-07:00,1,43
style.css,159,css,1831f309,ethanhaus3,2025-04-18,17:04:46,-07:00,2025-04-18T17:04:46-07:00,0,0
style.css,160,css,1831f309,ethanhaus3,2025-04-18,17:04:46,-07:00,2025-04-18T17:04:46-07:00,0,0
style.css,161,css,208f3c19,ethanhaus3,2025-04-26,21:33:37,-07:00,2025-04-26T21:33:37-07:00,0,17
style.css,162,css,208f3c19,ethanhaus3,2025-04-26,21:33:37,-07:00,2025-04-26T21:33:37-07:00,1,12
style.css,163,css,208f3c19,ethanhaus3,2025-04-26,21:33:37,-07:00,2025-04-26T21:33:37-07:00,1,36
style.css,164,css,208f3c19,ethanhaus3,2025-04-26,21:33:37,-07:00,2025-04-26T21:33:37-07:00,1,8
style.css,165,css,208f3c19,ethanhaus3,2025-04-26,21:33:37,-07:00,2025-04-26T21:33:37-07:00,0,0
style.css,166,css,208f3c19,ethanhaus3,2025-04-26,21:33:37,-07:00,2025-04-26T21:33:37-07:00,0,0
style.css,167,css,208f3c19,ethanhaus3,2025-04-26,21:33:37,-07:00,2025-04-26T21:33:37-07:00,0,17
style.css,168,css,208f3c19,ethanhaus3,2025-04-26,21:33:37,-07:00,2025-04-26T21:33:37-07:00,1,10
style.css,169,css,208f3c19,ethanhaus3,2025-04-26,21:33:37,-07:00,2025-04-26T21:33:37-07:00,1,17
style.css,170,css,208f3c19,ethanhaus3,2025-04-26,21:33:37,-07:00,2025-04-26T21:33:37-07:00,1,16
style.css,171,css,208f3c19,ethanhaus3,2025-04-26,21:33:37,-07:00,2025-04-26T21:33:37-07:00,0,0
style.css,172,css,208f3c19,ethanhaus3,2025-04-26,21:33:37,-07:00,2025-04-26T21:33:37-07:00,0,0
style.css,173,css,208f3c19,ethanhaus3,2025-04-26,21:33:37,-07:00,2025-04-26T21:33:37-07:00,0,17
style.css,174,css,208f3c19,ethanhaus3,2025-04-26,21:33:37,-07:00,2025-04-26T21:33:37-07:00,1,10
style.css,175,css,208f3c19,ethanhaus3,2025-04-26,21:33:37,-07:00,2025-04-26T21:33:37-07:00,1,17
style.css,176,css,208f3c19,ethanhaus3,2025-04-26,21:33:37,-07:00,2025-04-26T21:33:37-07:00,1,8
style.css,177,css,208f3c19,ethanhaus3,2025-04-26,21:33:37,-07:00,2025-04-26T21:33:37-07:00,0,0
style.css,178,css,208f3c19,ethanhaus3,2025-04-26,21:33:37,-07:00,2025-04-26T21:33:37-07:00,0,0
style.css,179,css,a0579db2,ethanhaus3,2025-05-03,13:23:58,-07:00,2025-05-03T13:23:58-07:00,0,14
style.css,180,css,a0579db2,ethanhaus3,2025-05-03,13:23:58,-07:00,2025-05-03T13:23:58-07:00,1,14
style.css,181,css,a0579db2,ethanhaus3,2025-05-03,13:23:58,-07:00,2025-05-03T13:23:58-07:00,1,16
style.css,182,css,a0579db2,ethanhaus3,2025-05-03,13:23:58,-07:00,2025-05-03T13:23:58-07:00,0,0
style.css,183,css,a0579db2,ethanhaus3,2025-05-03,13:23:58,-07:00,2025-05-03T13:23:58-07:00,1,16
style.css,184,css,a0579db2,ethanhaus3,2025-05-03,13:23:58,-07:00,2025-05-03T13:23:58-07:00,0,0
style.css,185,css,a0579db2,ethanhaus3,2025-05-03,13:23:58,-07:00,2025-05-03T13:23:58-07:00,0,0
style.css,186,css,a0579db2,ethanhaus3,2025-05-03,13:23:58,-07:00,2025-05-03T13:23:58-07:00,0,0
style.css,187,css,a0579db2,ethanhaus3,2025-05-03,13:23:58,-07:00,2025-05-03T13:23:58-07:00,0,7
style.css,188,css,a0579db2,ethanhaus3,2025-05-03,13:23:58,-07:00,2025-05-03T13:23:58-07:00,1,15
style.css,189,css,a0579db2,ethanhaus3,2025-05-03,13:23:58,-07:00,2025-05-03T13:23:58-07:00,1,9
style.css,190,css,a0579db2,ethanhaus3,2025-05-03,13:23:58,-07:00,2025-05-03T13:23:58-07:00,1,8
style.css,191,css,a0579db2,ethanhaus3,2025-05-03,13:23:58,-07:00,2025-05-03T13:23:58-07:00,1,22
style.css,192,css,a0579db2,ethanhaus3,2025-05-03,13:23:58,-07:00,2025-05-03T13:23:58-07:00,1,12
style.css,193,css,a0579db2,ethanhaus3,2025-05-03,13:23:58,-07:00,2025-05-03T13:23:58-07:00,1,86
style.css,194,css,a0579db2,ethanhaus3,2025-05-03,13:23:58,-07:00,2025-05-03T13:23:58-07:00,1,62
style.css,195,css,a0579db2,ethanhaus3,2025-05-03,13:23:58,-07:00,2025-05-03T13:23:58-07:00,1,18
style.css,196,css,a0579db2,ethanhaus3,2025-05-03,13:23:58,-07:00,2025-05-03T13:23:58-07:00,1,17
style.css,197,css,a0579db2,ethanhaus3,2025-05-03,13:23:58,-07:00,2025-05-03T13:23:58-07:00,0,0
style.css,198,css,a0579db2,ethanhaus3,2025-05-03,13:23:58,-07:00,2025-05-03T13:23:58-07:00,0,0
style.css,199,css,a0579db2,ethanhaus3,2025-05-03,13:23:58,-07:00,2025-05-03T13:23:58-07:00,0,10
style.css,200,css,a0579db2,ethanhaus3,2025-05-03,13:23:58,-07:00,2025-05-03T13:23:58-07:00,1,12
style.css,201,css,a0579db2,ethanhaus3,2025-05-03,13:23:58,-07:00,2025-05-03T13:23:58-07:00,1,18
style.css,202,css,a0579db2,ethanhaus3,2025-05-03,13:23:58,-07:00,2025-05-03T13:23:58-07:00,0,0
style.css,203,css,a0579db2,ethanhaus3,2025-05-03,13:23:58,-07:00,2025-05-03T13:23:58-07:00,0,0
style.css,204,css,a0579db2,ethanhaus3,2025-05-03,13:23:58,-07:00,2025-05-03T13:23:58-07:00,0,7
style.css,205,css,a0579db2,ethanhaus3,2025-05-03,13:23:58,-07:00,2025-05-03T13:23:58-07:00,1,9
style.css,206,css,a0579db2,ethanhaus3,2025-05-03,13:23:58,-07:00,2025-05-03T13:23:58-07:00,1,10
style.css,207,css,a0579db2,ethanhaus3,2025-05-03,13:23:58,-07:00,2025-05-03T13:23:58-07:00,1,18
style.css,208,css,a0579db2,ethanhaus3,2025-05-03,13:23:58,-07:00,2025-05-03T13:23:58-07:00,1,29
style.css,209,css,a0579db2,ethanhaus3,2025-05-03,13:23:58,-07:00,2025-05-03T13:23:58-07:00,1,20
style.css,210,css,a0579db2,ethanhaus3,2025-05-03,13:23:58,-07:00,2025-05-03T13:23:58-07:00,1,18
style.css,211,css,a0579db2,ethanhaus3,2025-05-03,13:23:58,-07:00,2025-05-03T13:23:58-07:00,1,17
style.css,212,css,a0579db2,ethanhaus3,2025-05-03,13:23:58,-07:00,2025-05-03T13:23:58-07:00,0,0
style.css,213,css,a0579db2,ethanhaus3,2025-05-03,13:23:58,-07:00,2025-05-03T13:23:58-07:00,0,0
style.css,214,css,a0579db2,ethanhaus3,2025-05-03,13:23:58,-07:00,2025-05-03T13:23:58-07:00,0,10
style.css,215,css,a0579db2,ethanhaus3,2025-05-03,13:23:58,-07:00,2025-05-03T13:23:58-07:00,1,12
style.css,216,css,a0579db2,ethanhaus3,2025-05-03,13:23:58,-07:00,2025-05-03T13:23:58-07:00,1,67
style.css,217,css,a0579db2,ethanhaus3,2025-05-03,13:23:58,-07:00,2025-05-03T13:23:58-07:00,1,86
style.css,218,css,a0579db2,ethanhaus3,2025-05-03,13:23:58,-07:00,2025-05-03T13:23:58-07:00,1,71
style.css,219,css,a0579db2,ethanhaus3,2025-05-03,13:23:58,-07:00,2025-05-03T13:23:58-07:00,0,0
style.css,220,css,a0579db2,ethanhaus3,2025-05-03,13:23:58,-07:00,2025-05-03T13:23:58-07:00,0,0
style.css,221,css,a0579db2,ethanhaus3,2025-05-03,13:23:58,-07:00,2025-05-03T13:23:58-07:00,0,18
style.css,222,css,a0579db2,ethanhaus3,2025-05-03,13:23:58,-07:00,2025-05-03T13:23:58-07:00,1,5
style.css,223,css,a0579db2,ethanhaus3,2025-05-03,13:23:58,-07:00,2025-05-03T13:23:58-07:00,0,0
style.css,224,css,a0579db2,ethanhaus3,2025-05-03,13:23:58,-07:00,2025-05-03T13:23:58-07:00,0,0
style.css,225,css,a0579db2,ethanhaus3,2025-05-03,13:23:58,-07:00,2025-05-03T13:23:58-07:00,0,17
style.css,226,css,a0579db2,ethanhaus3,2025-05-03,13:23:58,-07:00,2025-05-03T13:23:58-07:00,1,16
style.css,227,css,a0579db2,ethanhaus3,2025-05-03,13:23:58,-07:00,2025-05-03T13:23:58-07:00,2,11
style.css,228,css,a0579db2,ethanhaus3,2025-05-03,13:23:58,-07:00,2025-05-03T13:23:58-07:00,1,0
style.css,229,css,a0579db2,ethanhaus3,2025-05-03,13:23:58,-07:00,2025-05-03T13:23:58-07:00,0,0
style.css,230,css,a0579db2,ethanhaus3,2025-05-03,13:23:58,-07:00,2025-05-03T13:23:58-07:00,0,0
style.css,231,css,a0579db2,ethanhaus3,2025-05-03,13:23:58,-07:00,2025-05-03T13:23:58-07:00,0,4
style.css,232,css,a0579db2,ethanhaus3,2025-05-03,13:23:58,-07:00,2025-05-03T13:23:58-07:00,1,16
style.css,233,css,a0579db2,ethanhaus3,2025-05-03,13:23:58,-07:00,2025-05-03T13:23:58-07:00,1,14
style.css,234,css,a0579db2,ethanhaus3,2025-05-03,13:23:58,-07:00,2025-05-03T13:23:58-07:00,0,0
style.css,235,css,a0579db2,ethanhaus3,2025-05-03,13:23:58,-07:00,2025-05-03T13:23:58-07:00,0,0
style.css,236,css,a0579db2,ethanhaus3,2025-05-03,13:23:58,-07:00,2025-05-03T13:23:58-07:00,0,9
style.css,237,css,a0579db2,ethanhaus3,2025-05-03,13:23:58,-07:00,2025-05-03T13:23:58-07:00,1,35
style.css,238,css,a0579db2,ethanhaus3,2025-05-03,13:23:58,-07:00,2025-05-03T13:23:58-07:00,0,0
style.css,239,css,a0579db2,ethanhaus3,2025-05-03,13:23:58,-07:00,2025-05-03T13:23:58-07:00,1,10
style.css,240,css,a0579db2,ethanhaus3,2025-05-03,13:23:58,-07:00,2025-05-03T13:23:58-07:00,2,17
style.css,241,css,a0579db2,ethanhaus3,2025-05-03,13:23:58,-07:00,2025-05-03T13:23:58-07:00,1,0
style.css,242,css,a0579db2,ethanhaus3,2025-05-03,13:23:58,-07:00,2025-05-03T13:23:58-07:00,0,0
style.css,243,css,a0579db2,ethanhaus3,2025-05-03,13:23:58,-07:00,2025-05-03T13:23:58-07:00,0,0
index.js,1,js,208f3c19,ethanhaus3,2025-04-26,21:33:37,-07:00,2025-04-26T21:33:37-07:00,0,71
index.js,2,js,208f3c19,ethanhaus3,2025-04-26,21:33:37,-07:00,2025-04-26T21:33:37-07:00,0,0
index.js,3,js,208f3c19,ethanhaus3,2025-04-26,21:33:37,-07:00,2025-04-26T21:33:37-07:00,0,54
index.js,4,js,208f3c19,ethanhaus3,2025-04-26,21:33:37,-07:00,2025-04-26T21:33:37-07:00,0,42
index.js,5,js,208f3c19,ethanhaus3,2025-04-26,21:33:37,-07:00,2025-04-26T21:33:37-07:00,0,0
index.js,6,js,208f3c19,ethanhaus3,2025-04-26,21:33:37,-07:00,2025-04-26T21:33:37-07:00,0,60
index.js,7,js,208f3c19,ethanhaus3,2025-04-26,21:33:37,-07:00,2025-04-26T21:33:37-07:00,0,0
index.js,8,js,208f3c19,ethanhaus3,2025-04-26,21:33:37,-07:00,2025-04-26T21:33:37-07:00,0,54
index.js,9,js,208f3c19,ethanhaus3,2025-04-26,21:33:37,-07:00,2025-04-26T21:33:37-07:00,0,53
index.js,10,js,208f3c19,ethanhaus3,2025-04-26,21:33:37,-07:00,2025-04-26T21:33:37-07:00,0,0
index.js,11,js,208f3c19,ethanhaus3,2025-04-26,21:33:37,-07:00,2025-04-26T21:33:37-07:00,0,60
index.js,12,js,208f3c19,ethanhaus3,2025-04-26,21:33:37,-07:00,2025-04-26T21:33:37-07:00,0,0
index.js,13,js,208f3c19,ethanhaus3,2025-04-26,21:33:37,-07:00,2025-04-26T21:33:37-07:00,0,17
index.js,14,js,208f3c19,ethanhaus3,2025-04-26,21:33:37,-07:00,2025-04-26T21:33:37-07:00,2,24
index.js,15,js,208f3c19,ethanhaus3,2025-04-26,21:33:37,-07:00,2025-04-26T21:33:37-07:00,6,29
index.js,16,js,208f3c19,ethanhaus3,2025-04-26,21:33:37,-07:00,2025-04-26T21:33:37-07:00,5,2
index.js,17,js,208f3c19,ethanhaus3,2025-04-26,21:33:37,-07:00,2025-04-26T21:33:37-07:00,6,55
index.js,18,js,208f3c19,ethanhaus3,2025-04-26,21:33:37,-07:00,2025-04-26T21:33:37-07:00,6,55
index.js,19,js,208f3c19,ethanhaus3,2025-04-26,21:33:37,-07:00,2025-04-26T21:33:37-07:00,6,49
index.js,20,js,208f3c19,ethanhaus3,2025-04-26,21:33:37,-07:00,2025-04-26T21:33:37-07:00,6,49
index.js,21,js,208f3c19,ethanhaus3,2025-04-26,21:33:37,-07:00,2025-04-26T21:33:37-07:00,5,3
index.js,22,js,208f3c19,ethanhaus3,2025-04-26,21:33:37,-07:00,2025-04-26T21:33:37-07:00,3,0
index.js,23,js,208f3c19,ethanhaus3,2025-04-26,21:33:37,-07:00,2025-04-26T21:33:37-07:00,1,0
index.js,24,js,208f3c19,ethanhaus3,2025-04-26,21:33:37,-07:00,2025-04-26T21:33:37-07:00,0,0
index.js,25,js,208f3c19,ethanhaus3,2025-04-26,21:33:37,-07:00,2025-04-26T21:33:37-07:00,0,0
index.html,1,html,beb47014,ethanhaus3,2025-04-04,22:51:25,-07:00,2025-04-04T22:51:25-07:00,0,13
index.html,2,html,beb47014,ethanhaus3,2025-04-04,22:51:25,-07:00,2025-04-04T22:51:25-07:00,0,14
index.html,3,html,beb47014,ethanhaus3,2025-04-04,22:51:25,-07:00,2025-04-04T22:51:25-07:00,0,4
index.html,4,html,beb47014,ethanhaus3,2025-04-04,22:51:25,-07:00,2025-04-04T22:51:25-07:00,1,20
index.html,5,html,beb47014,ethanhaus3,2025-04-04,22:51:25,-07:00,2025-04-04T22:51:25-07:00,1,68
index.html,6,html,beb47014,ethanhaus3,2025-04-04,22:51:25,-07:00,2025-04-04T22:51:25-07:00,1,52
index.html,7,html,873fa511,ethanhaus3,2025-04-04,23:51:42,-07:00,2025-04-04T23:51:42-07:00,1,38
index.html,8,html,c26c5f97,ethanhaus3,2025-04-18,13:58:19,-07:00,2025-04-18T13:58:19-07:00,1,47
index.html,9,html,208f3c19,ethanhaus3,2025-04-26,21:33:37,-07:00,2025-04-26T21:33:37-07:00,1,50
index.html,10,html,208f3c19,ethanhaus3,2025-04-26,21:33:37,-07:00,2025-04-26T21:33:37-07:00,0,0
index.html,11,html,c26c5f97,ethanhaus3,2025-04-18,13:58:19,-07:00,2025-04-18T13:58:19-07:00,0,0
index.html,12,html,beb47014,ethanhaus3,2025-04-04,22:51:25,-07:00,2025-04-04T22:51:25-07:00,0,5
index.html,13,html,beb47014,ethanhaus3,2025-04-04,22:51:25,-07:00,2025-04-04T22:51:25-07:00,0,4
index.html,14,html,50c7a933,ethanhaus3,2025-04-18,17:08:56,-07:00,2025-04-18T17:08:56-07:00,1,0
index.html,15,html,beb47014,ethanhaus3,2025-04-04,22:51:25,-07:00,2025-04-04T22:51:25-07:00,1,17
index.html,16,html,4b7793a7,ethanhaus3,2025-04-11,11:47:18,-07:00,2025-04-11T11:47:18-07:00,1,58
index.html,17,html,4b7793a7,ethanhaus3,2025-04-11,11:47:18,-07:00,2025-04-11T11:47:18-07:00,0,0
index.html,18,html,38a7b246,ethanhaus3,2025-04-11,12:01:04,-07:00,2025-04-11T12:01:04-07:00,2,57
index.html,19,html,1ad30e7d,ethanhaus3,2025-04-11,11:48:42,-07:00,2025-04-11T11:48:42-07:00,2,75
index.html,20,html,1ad30e7d,ethanhaus3,2025-04-11,11:48:42,-07:00,2025-04-11T11:48:42-07:00,2,57
index.html,21,html,03c60c4b,ethanhaus3,2025-04-11,20:01:59,-07:00,2025-04-11T20:01:59-07:00,1,0
index.html,22,html,bcac1017,ethanhaus3,2025-04-05,01:12:15,-07:00,2025-04-05T01:12:15-07:00,1,92
index.html,23,html,208f3c19,ethanhaus3,2025-04-26,21:33:37,-07:00,2025-04-26T21:33:37-07:00,0,0
index.html,24,html,208f3c19,ethanhaus3,2025-04-26,21:33:37,-07:00,2025-04-26T21:33:37-07:00,1,22
index.html,25,html,208f3c19,ethanhaus3,2025-04-26,21:33:37,-07:00,2025-04-26T21:33:37-07:00,1,20
index.html,26,html,208f3c19,ethanhaus3,2025-04-26,21:33:37,-07:00,2025-04-26T21:33:37-07:00,3,49
index.html,27,html,208f3c19,ethanhaus3,2025-04-26,21:33:37,-07:00,2025-04-26T21:33:37-07:00,1,4
index.html,28,html,208f3c19,ethanhaus3,2025-04-26,21:33:37,-07:00,2025-04-26T21:33:37-07:00,1,28
index.html,29,html,208f3c19,ethanhaus3,2025-04-26,21:33:37,-07:00,2025-04-26T21:33:37-07:00,0,0
index.html,30,html,a0579db2,ethanhaus3,2025-05-03,13:23:58,-07:00,2025-05-03T13:23:58-07:00,1,0
index.html,31,html,a0579db2,ethanhaus3,2025-05-03,13:23:58,-07:00,2025-05-03T13:23:58-07:00,0,0
index.html,32,html,beb47014,ethanhaus3,2025-04-04,22:51:25,-07:00,2025-04-04T22:51:25-07:00,0,5
index.html,33,html,beb47014,ethanhaus3,2025-04-04,22:51:25,-07:00,2025-04-04T22:51:25-07:00,0,5
global.js,1,js,c26c5f97,ethanhaus3,2025-04-18,13:58:19,-07:00,2025-04-18T13:58:19-07:00,0,25
global.js,2,js,c26c5f97,ethanhaus3,2025-04-18,13:58:19,-07:00,2025-04-18T13:58:19-07:00,0,0
global.js,3,js,ce286d71,ethanhaus3,2025-04-26,17:55:36,-07:00,2025-04-26T17:55:36-07:00,0,15
global.js,4,js,ce286d71,ethanhaus3,2025-04-26,17:55:36,-07:00,2025-04-26T17:55:36-07:00,1,68
global.js,5,js,ce286d71,ethanhaus3,2025-04-26,17:55:36,-07:00,2025-04-26T17:55:36-07:00,2,3
global.js,6,js,ce286d71,ethanhaus3,2025-04-26,17:55:36,-07:00,2025-04-26T17:55:36-07:00,2,14
global.js,7,js,ce286d71,ethanhaus3,2025-04-26,17:55:36,-07:00,2025-04-26T17:55:36-07:00,0,0
global.js,8,js,c26c5f97,ethanhaus3,2025-04-18,13:58:19,-07:00,2025-04-18T13:58:19-07:00,0,41
global.js,9,js,c26c5f97,ethanhaus3,2025-04-18,13:58:19,-07:00,2025-04-18T13:58:19-07:00,1,52
global.js,10,js,ca4ff080,ethanhaus3,2025-04-18,14:21:43,-07:00,2025-04-18T14:21:43-07:00,0,0
global.js,11,js,ca4ff080,ethanhaus3,2025-04-18,14:21:43,-07:00,2025-04-18T14:21:43-07:00,0,0
global.js,12,js,af8bf844,ethanhaus3,2025-04-18,15:04:16,-07:00,2025-04-18T15:04:16-07:00,0,0
global.js,13,js,af8bf844,ethanhaus3,2025-04-18,15:04:16,-07:00,2025-04-18T15:04:16-07:00,0,11
global.js,14,js,19642380,ethanhaus3,2025-04-18,15:33:04,-07:00,2025-04-18T15:33:04-07:00,2,25
global.js,15,js,19642380,ethanhaus3,2025-04-18,15:33:04,-07:00,2025-04-18T15:33:04-07:00,2,38
global.js,16,js,19642380,ethanhaus3,2025-04-18,15:33:04,-07:00,2025-04-18T15:33:04-07:00,2,38
global.js,17,js,19642380,ethanhaus3,2025-04-18,15:33:04,-07:00,2025-04-18T15:33:04-07:00,2,33
global.js,18,js,00000000,Not Committed Yet,2025-05-09,14:17:58,-07:00,2025-05-09T14:17:58-07:00,2,63
global.js,19,js,00000000,Not Committed Yet,2025-05-09,14:17:58,-07:00,2025-05-09T14:17:58-07:00,2,28
global.js,20,js,907988bc,ethanhaus3,2025-04-18,15:13:07,-07:00,2025-04-18T15:13:07-07:00,1,0
global.js,21,js,907988bc,ethanhaus3,2025-04-18,15:13:07,-07:00,2025-04-18T15:13:07-07:00,0,0
global.js,22,js,907988bc,ethanhaus3,2025-04-18,15:13:07,-07:00,2025-04-18T15:13:07-07:00,0,38
global.js,23,js,907988bc,ethanhaus3,2025-04-18,15:13:07,-07:00,2025-04-18T15:13:07-07:00,0,25
global.js,24,js,907988bc,ethanhaus3,2025-04-18,15:13:07,-07:00,2025-04-18T15:13:07-07:00,0,0
global.js,25,js,907988bc,ethanhaus3,2025-04-18,15:13:07,-07:00,2025-04-18T15:13:07-07:00,0,20
global.js,26,js,907988bc,ethanhaus3,2025-04-18,15:13:07,-07:00,2025-04-18T15:13:07-07:00,2,14
global.js,27,js,907988bc,ethanhaus3,2025-04-18,15:13:07,-07:00,2025-04-18T15:13:07-07:00,2,18
global.js,28,js,19642380,ethanhaus3,2025-04-18,15:33:04,-07:00,2025-04-18T15:33:04-07:00,2,88
global.js,29,js,fef9c748,ethanhaus3,2025-04-26,18:05:04,-07:00,2025-04-26T18:05:04-07:00,3,36
global.js,30,js,fef9c748,ethanhaus3,2025-04-26,18:05:04,-07:00,2025-04-26T18:05:04-07:00,3,48
global.js,31,js,19642380,ethanhaus3,2025-04-18,15:33:04,-07:00,2025-04-18T15:33:04-07:00,0,0
global.js,32,js,cad63373,ethanhaus3,2025-04-18,16:17:47,-07:00,2025-04-18T16:17:47-07:00,2,52
global.js,33,js,cad63373,ethanhaus3,2025-04-18,16:17:47,-07:00,2025-04-18T16:17:47-07:00,2,34
global.js,34,js,cad63373,ethanhaus3,2025-04-18,16:17:47,-07:00,2025-04-18T16:17:47-07:00,2,11
global.js,35,js,cad63373,ethanhaus3,2025-04-18,16:17:47,-07:00,2025-04-18T16:17:47-07:00,2,20
global.js,36,js,cad63373,ethanhaus3,2025-04-18,16:17:47,-07:00,2025-04-18T16:17:47-07:00,2,12
global.js,37,js,c03cb4d0,ethanhaus3,2025-04-18,15:22:21,-07:00,2025-04-18T15:22:21-07:00,1,0
global.js,38,js,c03cb4d0,ethanhaus3,2025-04-18,15:22:21,-07:00,2025-04-18T15:22:21-07:00,0,0
global.js,39,js,c03cb4d0,ethanhaus3,2025-04-18,15:22:21,-07:00,2025-04-18T15:22:21-07:00,0,0
global.js,40,js,c03cb4d0,ethanhaus3,2025-04-18,15:22:21,-07:00,2025-04-18T15:22:21-07:00,0,27
global.js,41,js,c03cb4d0,ethanhaus3,2025-04-18,15:22:21,-07:00,2025-04-18T15:22:21-07:00,0,0
global.js,42,js,faab8da2,ethanhaus3,2025-04-18,16:26:17,-07:00,2025-04-18T16:26:17-07:00,0,23
global.js,43,js,faab8da2,ethanhaus3,2025-04-18,16:26:17,-07:00,2025-04-18T16:26:17-07:00,2,76
global.js,44,js,faab8da2,ethanhaus3,2025-04-18,16:26:17,-07:00,2025-04-18T16:26:17-07:00,1,0
global.js,45,js,faab8da2,ethanhaus3,2025-04-18,16:26:17,-07:00,2025-04-18T16:26:17-07:00,1,0
global.js,46,js,c03cb4d0,ethanhaus3,2025-04-18,15:22:21,-07:00,2025-04-18T15:22:21-07:00,0,0
global.js,47,js,80055891,ethanhaus3,2025-04-18,16:23:59,-07:00,2025-04-18T16:23:59-07:00,0,23
global.js,48,js,330db18a,ethanhaus3,2025-04-18,16:33:22,-07:00,2025-04-18T16:33:22-07:00,2,42
global.js,49,js,330db18a,ethanhaus3,2025-04-18,16:33:22,-07:00,2025-04-18T16:33:22-07:00,0,0
global.js,50,js,80055891,ethanhaus3,2025-04-18,16:23:59,-07:00,2025-04-18T16:23:59-07:00,2,51
global.js,51,js,80055891,ethanhaus3,2025-04-18,16:23:59,-07:00,2025-04-18T16:23:59-07:00,2,90
global.js,52,js,80055891,ethanhaus3,2025-04-18,16:23:59,-07:00,2025-04-18T16:23:59-07:00,1,0
global.js,53,js,330db18a,ethanhaus3,2025-04-18,16:33:22,-07:00,2025-04-18T16:33:22-07:00,2,59
global.js,54,js,f935b186,ethanhaus3,2025-04-18,16:29:51,-07:00,2025-04-18T16:29:51-07:00,0,0
global.js,55,js,f935b186,ethanhaus3,2025-04-18,16:29:51,-07:00,2025-04-18T16:29:51-07:00,1,28
global.js,56,js,f935b186,ethanhaus3,2025-04-18,16:29:51,-07:00,2025-04-18T16:29:51-07:00,1,15
global.js,57,js,f935b186,ethanhaus3,2025-04-18,16:29:51,-07:00,2025-04-18T16:29:51-07:00,2,33
global.js,58,js,f935b186,ethanhaus3,2025-04-18,16:29:51,-07:00,2025-04-18T16:29:51-07:00,2,32
global.js,59,js,f935b186,ethanhaus3,2025-04-18,16:29:51,-07:00,2025-04-18T16:29:51-07:00,1,0
global.js,60,js,d30ca44e,ethanhaus3,2025-04-18,16:18:32,-07:00,2025-04-18T16:18:32-07:00,1,0
global.js,61,js,d30ca44e,ethanhaus3,2025-04-18,16:18:32,-07:00,2025-04-18T16:18:32-07:00,0,0
global.js,62,js,81e3de0f,ethanhaus3,2025-04-18,17:01:09,-07:00,2025-04-18T17:01:09-07:00,0,0
global.js,63,js,81e3de0f,ethanhaus3,2025-04-18,17:01:09,-07:00,2025-04-18T17:01:09-07:00,0,0
global.js,64,js,50c7a933,ethanhaus3,2025-04-18,17:08:56,-07:00,2025-04-18T17:08:56-07:00,0,31
global.js,65,js,50c7a933,ethanhaus3,2025-04-18,17:08:56,-07:00,2025-04-18T17:08:56-07:00,1,11
global.js,66,js,bac685dc,ethanhaus3,2025-04-18,17:13:30,-07:00,2025-04-18T17:13:30-07:00,1,0
global.js,67,js,bac685dc,ethanhaus3,2025-04-18,17:13:30,-07:00,2025-04-18T17:13:30-07:00,1,26
global.js,68,js,bac685dc,ethanhaus3,2025-04-18,17:13:30,-07:00,2025-04-18T17:13:30-07:00,2,4
global.js,69,js,50c7a933,ethanhaus3,2025-04-18,17:08:56,-07:00,2025-04-18T17:08:56-07:00,2,25
global.js,70,js,50c7a933,ethanhaus3,2025-04-18,17:08:56,-07:00,2025-04-18T17:08:56-07:00,3,37
global.js,71,js,50c7a933,ethanhaus3,2025-04-18,17:08:56,-07:00,2025-04-18T17:08:56-07:00,3,34
global.js,72,js,50c7a933,ethanhaus3,2025-04-18,17:08:56,-07:00,2025-04-18T17:08:56-07:00,3,32
global.js,73,js,50c7a933,ethanhaus3,2025-04-18,17:08:56,-07:00,2025-04-18T17:08:56-07:00,2,7
global.js,74,js,50c7a933,ethanhaus3,2025-04-18,17:08:56,-07:00,2025-04-18T17:08:56-07:00,1,6
global.js,75,js,bac685dc,ethanhaus3,2025-04-18,17:13:30,-07:00,2025-04-18T17:13:30-07:00,0,0
global.js,76,js,50c7a933,ethanhaus3,2025-04-18,17:08:56,-07:00,2025-04-18T17:08:56-07:00,0,0
global.js,77,js,50c7a933,ethanhaus3,2025-04-18,17:08:56,-07:00,2025-04-18T17:08:56-07:00,0,0
global.js,78,js,bac685dc,ethanhaus3,2025-04-18,17:13:30,-07:00,2025-04-18T17:13:30-07:00,0,24
global.js,79,js,bac685dc,ethanhaus3,2025-04-18,17:13:30,-07:00,2025-04-18T17:13:30-07:00,0,60
global.js,80,js,bac685dc,ethanhaus3,2025-04-18,17:13:30,-07:00,2025-04-18T17:13:30-07:00,0,0
global.js,81,js,bac685dc,ethanhaus3,2025-04-18,17:13:30,-07:00,2025-04-18T17:13:30-07:00,0,26
global.js,82,js,bac685dc,ethanhaus3,2025-04-18,17:13:30,-07:00,2025-04-18T17:13:30-07:00,0,65
global.js,83,js,bac685dc,ethanhaus3,2025-04-18,17:13:30,-07:00,2025-04-18T17:13:30-07:00,0,16
global.js,84,js,bac685dc,ethanhaus3,2025-04-18,17:13:30,-07:00,2025-04-18T17:13:30-07:00,1,31
global.js,85,js,bac685dc,ethanhaus3,2025-04-18,17:13:30,-07:00,2025-04-18T17:13:30-07:00,1,27
global.js,86,js,bac685dc,ethanhaus3,2025-04-18,17:13:30,-07:00,2025-04-18T17:13:30-07:00,2,60
global.js,87,js,bac685dc,ethanhaus3,2025-04-18,17:13:30,-07:00,2025-04-18T17:13:30-07:00,1,6
global.js,88,js,bac685dc,ethanhaus3,2025-04-18,17:13:30,-07:00,2025-04-18T17:13:30-07:00,2,70
global.js,89,js,bac685dc,ethanhaus3,2025-04-18,17:13:30,-07:00,2025-04-18T17:13:30-07:00,1,0
global.js,90,js,bac685dc,ethanhaus3,2025-04-18,17:13:30,-07:00,2025-04-18T17:13:30-07:00,0,0
global.js,91,js,bac685dc,ethanhaus3,2025-04-18,17:13:30,-07:00,2025-04-18T17:13:30-07:00,0,0
global.js,92,js,bac685dc,ethanhaus3,2025-04-18,17:13:30,-07:00,2025-04-18T17:13:30-07:00,0,59
global.js,93,js,bac685dc,ethanhaus3,2025-04-18,17:13:30,-07:00,2025-04-18T17:13:30-07:00,0,45
global.js,94,js,bac685dc,ethanhaus3,2025-04-18,17:13:30,-07:00,2025-04-18T17:13:30-07:00,1,32
global.js,95,js,bac685dc,ethanhaus3,2025-04-18,17:13:30,-07:00,2025-04-18T17:13:30-07:00,1,53
global.js,96,js,bac685dc,ethanhaus3,2025-04-18,17:13:30,-07:00,2025-04-18T17:13:30-07:00,0,0
global.js,97,js,bac685dc,ethanhaus3,2025-04-18,17:13:30,-07:00,2025-04-18T17:13:30-07:00,1,22
global.js,98,js,bac685dc,ethanhaus3,2025-04-18,17:13:30,-07:00,2025-04-18T17:13:30-07:00,2,60
global.js,99,js,bac685dc,ethanhaus3,2025-04-18,17:13:30,-07:00,2025-04-18T17:13:30-07:00,1,6
global.js,100,js,bac685dc,ethanhaus3,2025-04-18,17:13:30,-07:00,2025-04-18T17:13:30-07:00,2,65
global.js,101,js,bac685dc,ethanhaus3,2025-04-18,17:13:30,-07:00,2025-04-18T17:13:30-07:00,1,0
global.js,102,js,a44c391a,ethanhaus3,2025-04-18,17:28:20,-07:00,2025-04-18T17:28:20-07:00,1,44
global.js,103,js,bac685dc,ethanhaus3,2025-04-18,17:13:30,-07:00,2025-04-18T17:13:30-07:00,0,1
global.js,104,js,cad63373,ethanhaus3,2025-04-18,16:17:47,-07:00,2025-04-18T16:17:47-07:00,0,0
global.js,105,js,362d34d6,ethanhaus3,2025-04-26,17:34:56,-07:00,2025-04-26T17:34:56-07:00,0,36
global.js,106,js,362d34d6,ethanhaus3,2025-04-26,17:34:56,-07:00,2025-04-26T17:34:56-07:00,1,3
global.js,107,js,362d34d6,ethanhaus3,2025-04-26,17:34:56,-07:00,2025-04-26T17:34:56-07:00,2,39
global.js,108,js,362d34d6,ethanhaus3,2025-04-26,17:34:56,-07:00,2025-04-26T17:34:56-07:00,2,32
global.js,109,js,362d34d6,ethanhaus3,2025-04-26,17:34:56,-07:00,2025-04-26T17:34:56-07:00,2,17
global.js,110,js,362d34d6,ethanhaus3,2025-04-26,17:34:56,-07:00,2025-04-26T17:34:56-07:00,3,66
global.js,111,js,362d34d6,ethanhaus3,2025-04-26,17:34:56,-07:00,2025-04-26T17:34:56-07:00,2,0
global.js,112,js,362d34d6,ethanhaus3,2025-04-26,17:34:56,-07:00,2025-04-26T17:34:56-07:00,2,33
global.js,113,js,362d34d6,ethanhaus3,2025-04-26,17:34:56,-07:00,2025-04-26T17:34:56-07:00,2,10
global.js,114,js,362d34d6,ethanhaus3,2025-04-26,17:34:56,-07:00,2025-04-26T17:34:56-07:00,2,20
global.js,115,js,362d34d6,ethanhaus3,2025-04-26,17:34:56,-07:00,2025-04-26T17:34:56-07:00,1,15
global.js,116,js,362d34d6,ethanhaus3,2025-04-26,17:34:56,-07:00,2025-04-26T17:34:56-07:00,2,59
global.js,117,js,362d34d6,ethanhaus3,2025-04-26,17:34:56,-07:00,2025-04-26T17:34:56-07:00,1,0
global.js,118,js,362d34d6,ethanhaus3,2025-04-26,17:34:56,-07:00,2025-04-26T17:34:56-07:00,0,0
global.js,119,js,362d34d6,ethanhaus3,2025-04-26,17:34:56,-07:00,2025-04-26T17:34:56-07:00,0,0
global.js,120,js,362d34d6,ethanhaus3,2025-04-26,17:34:56,-07:00,2025-04-26T17:34:56-07:00,0,78
global.js,121,js,362d34d6,ethanhaus3,2025-04-26,17:34:56,-07:00,2025-04-26T17:34:56-07:00,1,30
global.js,122,js,362d34d6,ethanhaus3,2025-04-26,17:34:56,-07:00,2025-04-26T17:34:56-07:00,0,0
global.js,123,js,208f3c19,ethanhaus3,2025-04-26,21:33:37,-07:00,2025-04-26T21:33:37-07:00,1,62
global.js,124,js,208f3c19,ethanhaus3,2025-04-26,21:33:37,-07:00,2025-04-26T21:33:37-07:00,1,18
global.js,125,js,208f3c19,ethanhaus3,2025-04-26,21:33:37,-07:00,2025-04-26T21:33:37-07:00,2,55
global.js,126,js,208f3c19,ethanhaus3,2025-04-26,21:33:37,-07:00,2025-04-26T21:33:37-07:00,1,0
global.js,127,js,208f3c19,ethanhaus3,2025-04-26,21:33:37,-07:00,2025-04-26T21:33:37-07:00,0,0
global.js,128,js,208f3c19,ethanhaus3,2025-04-26,21:33:37,-07:00,2025-04-26T21:33:37-07:00,0,0
global.js,129,js,4493afc4,ethanhaus3,2025-04-26,18:30:57,-07:00,2025-04-26T18:30:57-07:00,1,26
global.js,130,js,4493afc4,ethanhaus3,2025-04-26,18:30:57,-07:00,2025-04-26T18:30:57-07:00,2,27
global.js,131,js,4493afc4,ethanhaus3,2025-04-26,18:30:57,-07:00,2025-04-26T18:30:57-07:00,2,48
global.js,132,js,4493afc4,ethanhaus3,2025-04-26,18:30:57,-07:00,2025-04-26T18:30:57-07:00,0,0
global.js,133,js,4493afc4,ethanhaus3,2025-04-26,18:30:57,-07:00,2025-04-26T18:30:57-07:00,2,38
global.js,134,js,4493afc4,ethanhaus3,2025-04-26,18:30:57,-07:00,2025-04-26T18:30:57-07:00,2,19
global.js,135,js,4493afc4,ethanhaus3,2025-04-26,18:30:57,-07:00,2025-04-26T18:30:57-07:00,3,49
global.js,136,js,4493afc4,ethanhaus3,2025-04-26,18:30:57,-07:00,2025-04-26T18:30:57-07:00,3,49
global.js,137,js,a0579db2,ethanhaus3,2025-05-03,13:23:58,-07:00,2025-05-03T13:23:58-07:00,3,81
global.js,138,js,4493afc4,ethanhaus3,2025-04-26,18:30:57,-07:00,2025-04-26T18:30:57-07:00,2,0
global.js,139,js,4493afc4,ethanhaus3,2025-04-26,18:30:57,-07:00,2025-04-26T18:30:57-07:00,0,0
global.js,140,js,4493afc4,ethanhaus3,2025-04-26,18:30:57,-07:00,2025-04-26T18:30:57-07:00,2,44
global.js,141,js,4493afc4,ethanhaus3,2025-04-26,18:30:57,-07:00,2025-04-26T18:30:57-07:00,2,36
global.js,142,js,4493afc4,ethanhaus3,2025-04-26,18:30:57,-07:00,2025-04-26T18:30:57-07:00,1,1
global.js,143,js,208f3c19,ethanhaus3,2025-04-26,21:33:37,-07:00,2025-04-26T21:33:37-07:00,0,0
global.js,144,js,208f3c19,ethanhaus3,2025-04-26,21:33:37,-07:00,2025-04-26T21:33:37-07:00,0,0
global.js,145,js,208f3c19,ethanhaus3,2025-04-26,21:33:37,-07:00,2025-04-26T21:33:37-07:00,0,47
global.js,146,js,208f3c19,ethanhaus3,2025-04-26,21:33:37,-07:00,2025-04-26T21:33:37-07:00,1,59
global.js,147,js,362d34d6,ethanhaus3,2025-04-26,17:34:56,-07:00,2025-04-26T17:34:56-07:00,0,0
global.js,148,js,362d34d6,ethanhaus3,2025-04-26,17:34:56,-07:00,2025-04-26T17:34:56-07:00,0,0
global.js,149,js,19642380,ethanhaus3,2025-04-18,15:33:04,-07:00,2025-04-18T15:33:04-07:00,0,0
resume/index.html,1,html,01c34745,ethanhaus3,2025-04-05,00:27:01,-07:00,2025-04-05T00:27:01-07:00,0,13
resume/index.html,2,html,01c34745,ethanhaus3,2025-04-05,00:27:01,-07:00,2025-04-05T00:27:01-07:00,0,14
resume/index.html,3,html,01c34745,ethanhaus3,2025-04-05,00:27:01,-07:00,2025-04-05T00:27:01-07:00,1,4
resume/index.html,4,html,01c34745,ethanhaus3,2025-04-05,00:27:01,-07:00,2025-04-05T00:27:01-07:00,2,22
resume/index.html,5,html,01c34745,ethanhaus3,2025-04-05,00:27:01,-07:00,2025-04-05T00:27:01-07:00,2,70
resume/index.html,6,html,01c34745,ethanhaus3,2025-04-05,00:27:01,-07:00,2025-04-05T00:27:01-07:00,2,19
resume/index.html,7,html,f2872e4d,ethanhaus3,2025-04-11,21:53:40,-07:00,2025-04-11T21:53:40-07:00,2,41
resume/index.html,8,html,59e7b74b,ethanhaus3,2025-04-18,14:06:45,-07:00,2025-04-18T14:06:45-07:00,2,48
resume/index.html,9,html,c26c5f97,ethanhaus3,2025-04-18,13:58:19,-07:00,2025-04-18T13:58:19-07:00,0,0
resume/index.html,10,html,f2872e4d,ethanhaus3,2025-04-11,21:53:40,-07:00,2025-04-11T21:53:40-07:00,0,0
resume/index.html,11,html,01c34745,ethanhaus3,2025-04-05,00:27:01,-07:00,2025-04-05T00:27:01-07:00,1,5
resume/index.html,12,html,01c34745,ethanhaus3,2025-04-05,00:27:01,-07:00,2025-04-05T00:27:01-07:00,1,4
resume/index.html,13,html,50c7a933,ethanhaus3,2025-04-18,17:08:56,-07:00,2025-04-18T17:08:56-07:00,2,0
resume/index.html,14,html,216c79df,ethanhaus3,2025-04-05,00:53:57,-07:00,2025-04-05T00:53:57-07:00,0,0
resume/index.html,15,html,f2872e4d,ethanhaus3,2025-04-11,21:53:40,-07:00,2025-04-11T21:53:40-07:00,2,28
resume/index.html,16,html,216c79df,ethanhaus3,2025-04-05,00:53:57,-07:00,2025-04-05T00:53:57-07:00,3,17
resume/index.html,17,html,216c79df,ethanhaus3,2025-04-05,00:53:57,-07:00,2025-04-05T00:53:57-07:00,3,1
resume/index.html,18,html,216c79df,ethanhaus3,2025-04-05,00:53:57,-07:00,2025-04-05T00:53:57-07:00,4,32
resume/index.html,19,html,216c79df,ethanhaus3,2025-04-05,00:53:57,-07:00,2025-04-05T00:53:57-07:00,4,62
resume/index.html,20,html,216c79df,ethanhaus3,2025-04-05,00:53:57,-07:00,2025-04-05T00:53:57-07:00,4,63
resume/index.html,21,html,216c79df,ethanhaus3,2025-04-05,00:53:57,-07:00,2025-04-05T00:53:57-07:00,3,2
resume/index.html,22,html,216c79df,ethanhaus3,2025-04-05,00:53:57,-07:00,2025-04-05T00:53:57-07:00,2,7
resume/index.html,23,html,216c79df,ethanhaus3,2025-04-05,00:53:57,-07:00,2025-04-05T00:53:57-07:00,0,0
resume/index.html,24,html,216c79df,ethanhaus3,2025-04-05,00:53:57,-07:00,2025-04-05T00:53:57-07:00,2,7
resume/index.html,25,html,216c79df,ethanhaus3,2025-04-05,00:53:57,-07:00,2025-04-05T00:53:57-07:00,3,16
resume/index.html,26,html,216c79df,ethanhaus3,2025-04-05,00:53:57,-07:00,2025-04-05T00:53:57-07:00,3,7
resume/index.html,27,html,216c79df,ethanhaus3,2025-04-05,00:53:57,-07:00,2025-04-05T00:53:57-07:00,4,42
resume/index.html,28,html,216c79df,ethanhaus3,2025-04-05,00:53:57,-07:00,2025-04-05T00:53:57-07:00,4,1
resume/index.html,29,html,216c79df,ethanhaus3,2025-04-05,00:53:57,-07:00,2025-04-05T00:53:57-07:00,5,1
resume/index.html,30,html,216c79df,ethanhaus3,2025-04-05,00:53:57,-07:00,2025-04-05T00:53:57-07:00,6,34
resume/index.html,31,html,216c79df,ethanhaus3,2025-04-05,00:53:57,-07:00,2025-04-05T00:53:57-07:00,4,2
resume/index.html,32,html,216c79df,ethanhaus3,2025-04-05,00:53:57,-07:00,2025-04-05T00:53:57-07:00,5,0
resume/index.html,33,html,216c79df,ethanhaus3,2025-04-05,00:53:57,-07:00,2025-04-05T00:53:57-07:00,5,6
resume/index.html,34,html,216c79df,ethanhaus3,2025-04-05,00:53:57,-07:00,2025-04-05T00:53:57-07:00,4,2
resume/index.html,35,html,216c79df,ethanhaus3,2025-04-05,00:53:57,-07:00,2025-04-05T00:53:57-07:00,4,39
resume/index.html,36,html,216c79df,ethanhaus3,2025-04-05,00:53:57,-07:00,2025-04-05T00:53:57-07:00,4,37
resume/index.html,37,html,216c79df,ethanhaus3,2025-04-05,00:53:57,-07:00,2025-04-05T00:53:57-07:00,4,2
resume/index.html,38,html,216c79df,ethanhaus3,2025-04-05,00:53:57,-07:00,2025-04-05T00:53:57-07:00,5,2
resume/index.html,39,html,216c79df,ethanhaus3,2025-04-05,00:53:57,-07:00,2025-04-05T00:53:57-07:00,6,69
resume/index.html,40,html,216c79df,ethanhaus3,2025-04-05,00:53:57,-07:00,2025-04-05T00:53:57-07:00,6,36
resume/index.html,41,html,216c79df,ethanhaus3,2025-04-05,00:53:57,-07:00,2025-04-05T00:53:57-07:00,5,3
resume/index.html,42,html,216c79df,ethanhaus3,2025-04-05,00:53:57,-07:00,2025-04-05T00:53:57-07:00,4,3
resume/index.html,43,html,216c79df,ethanhaus3,2025-04-05,00:53:57,-07:00,2025-04-05T00:53:57-07:00,3,8
resume/index.html,44,html,216c79df,ethanhaus3,2025-04-05,00:53:57,-07:00,2025-04-05T00:53:57-07:00,2,8
resume/index.html,45,html,216c79df,ethanhaus3,2025-04-05,00:53:57,-07:00,2025-04-05T00:53:57-07:00,0,0
resume/index.html,46,html,216c79df,ethanhaus3,2025-04-05,00:53:57,-07:00,2025-04-05T00:53:57-07:00,2,7
resume/index.html,47,html,216c79df,ethanhaus3,2025-04-05,00:53:57,-07:00,2025-04-05T00:53:57-07:00,3,13
resume/index.html,48,html,216c79df,ethanhaus3,2025-04-05,00:53:57,-07:00,2025-04-05T00:53:57-07:00,3,2
resume/index.html,49,html,216c79df,ethanhaus3,2025-04-05,00:53:57,-07:00,2025-04-05T00:53:57-07:00,4,2
resume/index.html,50,html,216c79df,ethanhaus3,2025-04-05,00:53:57,-07:00,2025-04-05T00:53:57-07:00,5,82
resume/index.html,51,html,216c79df,ethanhaus3,2025-04-05,00:53:57,-07:00,2025-04-05T00:53:57-07:00,5,6
resume/index.html,52,html,216c79df,ethanhaus3,2025-04-05,00:53:57,-07:00,2025-04-05T00:53:57-07:00,4,3
resume/index.html,53,html,216c79df,ethanhaus3,2025-04-05,00:53:57,-07:00,2025-04-05T00:53:57-07:00,4,128
resume/index.html,54,html,216c79df,ethanhaus3,2025-04-05,00:53:57,-07:00,2025-04-05T00:53:57-07:00,3,3
resume/index.html,55,html,216c79df,ethanhaus3,2025-04-05,00:53:57,-07:00,2025-04-05T00:53:57-07:00,2,8
resume/index.html,56,html,216c79df,ethanhaus3,2025-04-05,00:53:57,-07:00,2025-04-05T00:53:57-07:00,0,0
resume/index.html,57,html,216c79df,ethanhaus3,2025-04-05,00:53:57,-07:00,2025-04-05T00:53:57-07:00,2,7
resume/index.html,58,html,216c79df,ethanhaus3,2025-04-05,00:53:57,-07:00,2025-04-05T00:53:57-07:00,3,17
resume/index.html,59,html,216c79df,ethanhaus3,2025-04-05,00:53:57,-07:00,2025-04-05T00:53:57-07:00,0,0
resume/index.html,60,html,216c79df,ethanhaus3,2025-04-05,00:53:57,-07:00,2025-04-05T00:53:57-07:00,3,7
resume/index.html,61,html,216c79df,ethanhaus3,2025-04-05,00:53:57,-07:00,2025-04-05T00:53:57-07:00,4,6
resume/index.html,62,html,216c79df,ethanhaus3,2025-04-05,00:53:57,-07:00,2025-04-05T00:53:57-07:00,5,22
resume/index.html,63,html,216c79df,ethanhaus3,2025-04-05,00:53:57,-07:00,2025-04-05T00:53:57-07:00,5,1
resume/index.html,64,html,216c79df,ethanhaus3,2025-04-05,00:53:57,-07:00,2025-04-05T00:53:57-07:00,6,63
resume/index.html,65,html,216c79df,ethanhaus3,2025-04-05,00:53:57,-07:00,2025-04-05T00:53:57-07:00,6,39
resume/index.html,66,html,216c79df,ethanhaus3,2025-04-05,00:53:57,-07:00,2025-04-05T00:53:57-07:00,5,2
resume/index.html,67,html,216c79df,ethanhaus3,2025-04-05,00:53:57,-07:00,2025-04-05T00:53:57-07:00,4,7
resume/index.html,68,html,216c79df,ethanhaus3,2025-04-05,00:53:57,-07:00,2025-04-05T00:53:57-07:00,4,2
resume/index.html,69,html,216c79df,ethanhaus3,2025-04-05,00:53:57,-07:00,2025-04-05T00:53:57-07:00,5,2
resume/index.html,70,html,216c79df,ethanhaus3,2025-04-05,00:53:57,-07:00,2025-04-05T00:53:57-07:00,6,108
resume/index.html,71,html,216c79df,ethanhaus3,2025-04-05,00:53:57,-07:00,2025-04-05T00:53:57-07:00,5,3
resume/index.html,72,html,216c79df,ethanhaus3,2025-04-05,00:53:57,-07:00,2025-04-05T00:53:57-07:00,5,146
resume/index.html,73,html,216c79df,ethanhaus3,2025-04-05,00:53:57,-07:00,2025-04-05T00:53:57-07:00,5,2
resume/index.html,74,html,216c79df,ethanhaus3,2025-04-05,00:53:57,-07:00,2025-04-05T00:53:57-07:00,6,160
resume/index.html,75,html,216c79df,ethanhaus3,2025-04-05,00:53:57,-07:00,2025-04-05T00:53:57-07:00,5,3
resume/index.html,76,html,216c79df,ethanhaus3,2025-04-05,00:53:57,-07:00,2025-04-05T00:53:57-07:00,4,3
resume/index.html,77,html,216c79df,ethanhaus3,2025-04-05,00:53:57,-07:00,2025-04-05T00:53:57-07:00,3,8
resume/index.html,78,html,216c79df,ethanhaus3,2025-04-05,00:53:57,-07:00,2025-04-05T00:53:57-07:00,0,0
resume/index.html,79,html,216c79df,ethanhaus3,2025-04-05,00:53:57,-07:00,2025-04-05T00:53:57-07:00,3,7
resume/index.html,80,html,216c79df,ethanhaus3,2025-04-05,00:53:57,-07:00,2025-04-05T00:53:57-07:00,4,6
resume/index.html,81,html,216c79df,ethanhaus3,2025-04-05,00:53:57,-07:00,2025-04-05T00:53:57-07:00,5,21
resume/index.html,82,html,216c79df,ethanhaus3,2025-04-05,00:53:57,-07:00,2025-04-05T00:53:57-07:00,5,1
resume/index.html,83,html,216c79df,ethanhaus3,2025-04-05,00:53:57,-07:00,2025-04-05T00:53:57-07:00,6,53
resume/index.html,84,html,216c79df,ethanhaus3,2025-04-05,00:53:57,-07:00,2025-04-05T00:53:57-07:00,6,39
resume/index.html,85,html,216c79df,ethanhaus3,2025-04-05,00:53:57,-07:00,2025-04-05T00:53:57-07:00,5,2
resume/index.html,86,html,216c79df,ethanhaus3,2025-04-05,00:53:57,-07:00,2025-04-05T00:53:57-07:00,4,7
resume/index.html,87,html,216c79df,ethanhaus3,2025-04-05,00:53:57,-07:00,2025-04-05T00:53:57-07:00,4,2
resume/index.html,88,html,216c79df,ethanhaus3,2025-04-05,00:53:57,-07:00,2025-04-05T00:53:57-07:00,5,31
resume/index.html,89,html,216c79df,ethanhaus3,2025-04-05,00:53:57,-07:00,2025-04-05T00:53:57-07:00,5,105
resume/index.html,90,html,216c79df,ethanhaus3,2025-04-05,00:53:57,-07:00,2025-04-05T00:53:57-07:00,4,3
resume/index.html,91,html,216c79df,ethanhaus3,2025-04-05,00:53:57,-07:00,2025-04-05T00:53:57-07:00,5,34
resume/index.html,92,html,216c79df,ethanhaus3,2025-04-05,00:53:57,-07:00,2025-04-05T00:53:57-07:00,5,62
resume/index.html,93,html,216c79df,ethanhaus3,2025-04-05,00:53:57,-07:00,2025-04-05T00:53:57-07:00,4,3
resume/index.html,94,html,216c79df,ethanhaus3,2025-04-05,00:53:57,-07:00,2025-04-05T00:53:57-07:00,4,3
resume/index.html,95,html,216c79df,ethanhaus3,2025-04-05,00:53:57,-07:00,2025-04-05T00:53:57-07:00,3,8
resume/index.html,96,html,216c79df,ethanhaus3,2025-04-05,00:53:57,-07:00,2025-04-05T00:53:57-07:00,0,0
resume/index.html,97,html,216c79df,ethanhaus3,2025-04-05,00:53:57,-07:00,2025-04-05T00:53:57-07:00,3,7
resume/index.html,98,html,216c79df,ethanhaus3,2025-04-05,00:53:57,-07:00,2025-04-05T00:53:57-07:00,4,6
resume/index.html,99,html,216c79df,ethanhaus3,2025-04-05,00:53:57,-07:00,2025-04-05T00:53:57-07:00,5,23
resume/index.html,100,html,216c79df,ethanhaus3,2025-04-05,00:53:57,-07:00,2025-04-05T00:53:57-07:00,5,1
resume/index.html,101,html,216c79df,ethanhaus3,2025-04-05,00:53:57,-07:00,2025-04-05T00:53:57-07:00,6,67
resume/index.html,102,html,216c79df,ethanhaus3,2025-04-05,00:53:57,-07:00,2025-04-05T00:53:57-07:00,6,37
resume/index.html,103,html,216c79df,ethanhaus3,2025-04-05,00:53:57,-07:00,2025-04-05T00:53:57-07:00,5,2
resume/index.html,104,html,216c79df,ethanhaus3,2025-04-05,00:53:57,-07:00,2025-04-05T00:53:57-07:00,4,7
resume/index.html,105,html,216c79df,ethanhaus3,2025-04-05,00:53:57,-07:00,2025-04-05T00:53:57-07:00,4,2
resume/index.html,106,html,216c79df,ethanhaus3,2025-04-05,00:53:57,-07:00,2025-04-05T00:53:57-07:00,5,38
resume/index.html,107,html,216c79df,ethanhaus3,2025-04-05,00:53:57,-07:00,2025-04-05T00:53:57-07:00,4,3
resume/index.html,108,html,216c79df,ethanhaus3,2025-04-05,00:53:57,-07:00,2025-04-05T00:53:57-07:00,5,86
resume/index.html,109,html,216c79df,ethanhaus3,2025-04-05,00:53:57,-07:00,2025-04-05T00:53:57-07:00,4,3
resume/index.html,110,html,216c79df,ethanhaus3,2025-04-05,00:53:57,-07:00,2025-04-05T00:53:57-07:00,4,3
resume/index.html,111,html,216c79df,ethanhaus3,2025-04-05,00:53:57,-07:00,2025-04-05T00:53:57-07:00,3,8
resume/index.html,112,html,216c79df,ethanhaus3,2025-04-05,00:53:57,-07:00,2025-04-05T00:53:57-07:00,0,0
resume/index.html,113,html,216c79df,ethanhaus3,2025-04-05,00:53:57,-07:00,2025-04-05T00:53:57-07:00,3,7
resume/index.html,114,html,216c79df,ethanhaus3,2025-04-05,00:53:57,-07:00,2025-04-05T00:53:57-07:00,4,6
resume/index.html,115,html,216c79df,ethanhaus3,2025-04-05,00:53:57,-07:00,2025-04-05T00:53:57-07:00,5,18
resume/index.html,116,html,216c79df,ethanhaus3,2025-04-05,00:53:57,-07:00,2025-04-05T00:53:57-07:00,5,1
resume/index.html,117,html,216c79df,ethanhaus3,2025-04-05,00:53:57,-07:00,2025-04-05T00:53:57-07:00,6,23
resume/index.html,118,html,216c79df,ethanhaus3,2025-04-05,00:53:57,-07:00,2025-04-05T00:53:57-07:00,6,41
resume/index.html,119,html,216c79df,ethanhaus3,2025-04-05,00:53:57,-07:00,2025-04-05T00:53:57-07:00,6,39
resume/index.html,120,html,216c79df,ethanhaus3,2025-04-05,00:53:57,-07:00,2025-04-05T00:53:57-07:00,5,2
resume/index.html,121,html,216c79df,ethanhaus3,2025-04-05,00:53:57,-07:00,2025-04-05T00:53:57-07:00,4,7
resume/index.html,122,html,216c79df,ethanhaus3,2025-04-05,00:53:57,-07:00,2025-04-05T00:53:57-07:00,4,2
resume/index.html,123,html,216c79df,ethanhaus3,2025-04-05,00:53:57,-07:00,2025-04-05T00:53:57-07:00,5,22
resume/index.html,124,html,216c79df,ethanhaus3,2025-04-05,00:53:57,-07:00,2025-04-05T00:53:57-07:00,4,3
resume/index.html,125,html,216c79df,ethanhaus3,2025-04-05,00:53:57,-07:00,2025-04-05T00:53:57-07:00,5,85
resume/index.html,126,html,216c79df,ethanhaus3,2025-04-05,00:53:57,-07:00,2025-04-05T00:53:57-07:00,4,3
resume/index.html,127,html,216c79df,ethanhaus3,2025-04-05,00:53:57,-07:00,2025-04-05T00:53:57-07:00,5,54
resume/index.html,128,html,216c79df,ethanhaus3,2025-04-05,00:53:57,-07:00,2025-04-05T00:53:57-07:00,4,3
resume/index.html,129,html,216c79df,ethanhaus3,2025-04-05,00:53:57,-07:00,2025-04-05T00:53:57-07:00,4,3
resume/index.html,130,html,216c79df,ethanhaus3,2025-04-05,00:53:57,-07:00,2025-04-05T00:53:57-07:00,3,8
resume/index.html,131,html,216c79df,ethanhaus3,2025-04-05,00:53:57,-07:00,2025-04-05T00:53:57-07:00,2,8
resume/index.html,132,html,216c79df,ethanhaus3,2025-04-05,00:53:57,-07:00,2025-04-05T00:53:57-07:00,0,0
resume/index.html,133,html,216c79df,ethanhaus3,2025-04-05,00:53:57,-07:00,2025-04-05T00:53:57-07:00,2,0
resume/index.html,134,html,216c79df,ethanhaus3,2025-04-05,00:53:57,-07:00,2025-04-05T00:53:57-07:00,0,0
resume/index.html,135,html,01c34745,ethanhaus3,2025-04-05,00:27:01,-07:00,2025-04-05T00:27:01-07:00,2,0
resume/index.html,136,html,01c34745,ethanhaus3,2025-04-05,00:27:01,-07:00,2025-04-05T00:27:01-07:00,1,5
resume/index.html,137,html,216c79df,ethanhaus3,2025-04-05,00:53:57,-07:00,2025-04-05T00:53:57-07:00,0,5
resume/Resumept2.html,1,html,3f4d9001,ethanhaus3,2025-04-05,00:28:00,-07:00,2025-04-05T00:28:00-07:00,0,17746
projects/projects.js,1,js,362d34d6,ethanhaus3,2025-04-26,17:34:56,-07:00,2025-04-26T17:34:56-07:00,0,55
projects/projects.js,2,js,a0579db2,ethanhaus3,2025-05-03,13:23:58,-07:00,2025-05-03T13:23:58-07:00,0,63
projects/projects.js,3,js,a0579db2,ethanhaus3,2025-05-03,13:23:58,-07:00,2025-05-03T13:23:58-07:00,0,0
projects/projects.js,4,js,a0579db2,ethanhaus3,2025-05-03,13:23:58,-07:00,2025-05-03T13:23:58-07:00,0,28
projects/projects.js,5,js,a0579db2,ethanhaus3,2025-05-03,13:23:58,-07:00,2025-05-03T13:23:58-07:00,0,58
projects/projects.js,6,js,362d34d6,ethanhaus3,2025-04-26,17:34:56,-07:00,2025-04-26T17:34:56-07:00,0,60
projects/projects.js,7,js,a0579db2,ethanhaus3,2025-05-03,13:23:58,-07:00,2025-05-03T13:23:58-07:00,0,0
projects/projects.js,8,js,a0579db2,ethanhaus3,2025-05-03,13:23:58,-07:00,2025-05-03T13:23:58-07:00,0,12
projects/projects.js,9,js,a0579db2,ethanhaus3,2025-05-03,13:23:58,-07:00,2025-05-03T13:23:58-07:00,0,47
projects/projects.js,10,js,a0579db2,ethanhaus3,2025-05-03,13:23:58,-07:00,2025-05-03T13:23:58-07:00,0,57
projects/projects.js,11,js,a0579db2,ethanhaus3,2025-05-03,13:23:58,-07:00,2025-05-03T13:23:58-07:00,0,22
projects/projects.js,12,js,a0579db2,ethanhaus3,2025-05-03,13:23:58,-07:00,2025-05-03T13:23:58-07:00,0,13
projects/projects.js,13,js,a0579db2,ethanhaus3,2025-05-03,13:23:58,-07:00,2025-05-03T13:23:58-07:00,0,0
projects/projects.js,14,js,a0579db2,ethanhaus3,2025-05-03,13:23:58,-07:00,2025-05-03T13:23:58-07:00,0,13
projects/projects.js,15,js,a0579db2,ethanhaus3,2025-05-03,13:23:58,-07:00,2025-05-03T13:23:58-07:00,0,30
projects/projects.js,16,js,a0579db2,ethanhaus3,2025-05-03,13:23:58,-07:00,2025-05-03T13:23:58-07:00,1,21
projects/projects.js,17,js,a0579db2,ethanhaus3,2025-05-03,13:23:58,-07:00,2025-05-03T13:23:58-07:00,1,17
projects/projects.js,18,js,a0579db2,ethanhaus3,2025-05-03,13:23:58,-07:00,2025-05-03T13:23:58-07:00,2,60
projects/projects.js,19,js,a0579db2,ethanhaus3,2025-05-03,13:23:58,-07:00,2025-05-03T13:23:58-07:00,1,0
projects/projects.js,20,js,a0579db2,ethanhaus3,2025-05-03,13:23:58,-07:00,2025-05-03T13:23:58-07:00,1,10
projects/projects.js,21,js,a0579db2,ethanhaus3,2025-05-03,13:23:58,-07:00,2025-05-03T13:23:58-07:00,2,28
projects/projects.js,22,js,a0579db2,ethanhaus3,2025-05-03,13:23:58,-07:00,2025-05-03T13:23:58-07:00,2,23
projects/projects.js,23,js,a0579db2,ethanhaus3,2025-05-03,13:23:58,-07:00,2025-05-03T13:23:58-07:00,3,50
projects/projects.js,24,js,a0579db2,ethanhaus3,2025-05-03,13:23:58,-07:00,2025-05-03T13:23:58-07:00,2,0
projects/projects.js,25,js,a0579db2,ethanhaus3,2025-05-03,13:23:58,-07:00,2025-05-03T13:23:58-07:00,1,0
projects/projects.js,26,js,a0579db2,ethanhaus3,2025-05-03,13:23:58,-07:00,2025-05-03T13:23:58-07:00,1,10
projects/projects.js,27,js,a0579db2,ethanhaus3,2025-05-03,13:23:58,-07:00,2025-05-03T13:23:58-07:00,0,0
projects/projects.js,28,js,a0579db2,ethanhaus3,2025-05-03,13:23:58,-07:00,2025-05-03T13:23:58-07:00,0,0
projects/projects.js,29,js,a0579db2,ethanhaus3,2025-05-03,13:23:58,-07:00,2025-05-03T13:23:58-07:00,0,20
projects/projects.js,30,js,a0579db2,ethanhaus3,2025-05-03,13:23:58,-07:00,2025-05-03T13:23:58-07:00,0,36
projects/projects.js,31,js,a0579db2,ethanhaus3,2025-05-03,13:23:58,-07:00,2025-05-03T13:23:58-07:00,1,29
projects/projects.js,32,js,a0579db2,ethanhaus3,2025-05-03,13:23:58,-07:00,2025-05-03T13:23:58-07:00,1,26
projects/projects.js,33,js,a0579db2,ethanhaus3,2025-05-03,13:23:58,-07:00,2025-05-03T13:23:58-07:00,2,7
projects/projects.js,34,js,a0579db2,ethanhaus3,2025-05-03,13:23:58,-07:00,2025-05-03T13:23:58-07:00,2,14
projects/projects.js,35,js,a0579db2,ethanhaus3,2025-05-03,13:23:58,-07:00,2025-05-03T13:23:58-07:00,2,11
projects/projects.js,36,js,a0579db2,ethanhaus3,2025-05-03,13:23:58,-07:00,2025-05-03T13:23:58-07:00,1,0
projects/projects.js,37,js,a0579db2,ethanhaus3,2025-05-03,13:23:58,-07:00,2025-05-03T13:23:58-07:00,0,0
projects/projects.js,38,js,a0579db2,ethanhaus3,2025-05-03,13:23:58,-07:00,2025-05-03T13:23:58-07:00,1,45
projects/projects.js,39,js,a0579db2,ethanhaus3,2025-05-03,13:23:58,-07:00,2025-05-03T13:23:58-07:00,2,11
projects/projects.js,40,js,a0579db2,ethanhaus3,2025-05-03,13:23:58,-07:00,2025-05-03T13:23:58-07:00,2,10
projects/projects.js,41,js,a0579db2,ethanhaus3,2025-05-03,13:23:58,-07:00,2025-05-03T13:23:58-07:00,1,2
projects/projects.js,42,js,a0579db2,ethanhaus3,2025-05-03,13:23:58,-07:00,2025-05-03T13:23:58-07:00,0,0
projects/projects.js,43,js,a0579db2,ethanhaus3,2025-05-03,13:23:58,-07:00,2025-05-03T13:23:58-07:00,1,50
projects/projects.js,44,js,a0579db2,ethanhaus3,2025-05-03,13:23:58,-07:00,2025-05-03T13:23:58-07:00,1,33
projects/projects.js,45,js,a0579db2,ethanhaus3,2025-05-03,13:23:58,-07:00,2025-05-03T13:23:58-07:00,1,45
projects/projects.js,46,js,a0579db2,ethanhaus3,2025-05-03,13:23:58,-07:00,2025-05-03T13:23:58-07:00,0,0
projects/projects.js,47,js,a0579db2,ethanhaus3,2025-05-03,13:23:58,-07:00,2025-05-03T13:23:58-07:00,1,38
projects/projects.js,48,js,a0579db2,ethanhaus3,2025-05-03,13:23:58,-07:00,2025-05-03T13:23:58-07:00,1,44
projects/projects.js,49,js,a0579db2,ethanhaus3,2025-05-03,13:23:58,-07:00,2025-05-03T13:23:58-07:00,0,0
projects/projects.js,50,js,a0579db2,ethanhaus3,2025-05-03,13:23:58,-07:00,2025-05-03T13:23:58-07:00,1,10
projects/projects.js,51,js,a0579db2,ethanhaus3,2025-05-03,13:23:58,-07:00,2025-05-03T13:23:58-07:00,1,27
projects/projects.js,52,js,a0579db2,ethanhaus3,2025-05-03,13:23:58,-07:00,2025-05-03T13:23:58-07:00,1,29
projects/projects.js,53,js,a0579db2,ethanhaus3,2025-05-03,13:23:58,-07:00,2025-05-03T13:23:58-07:00,0,0
projects/projects.js,54,js,a0579db2,ethanhaus3,2025-05-03,13:23:58,-07:00,2025-05-03T13:23:58-07:00,1,26
projects/projects.js,55,js,a0579db2,ethanhaus3,2025-05-03,13:23:58,-07:00,2025-05-03T13:23:58-07:00,2,1
projects/projects.js,56,js,a0579db2,ethanhaus3,2025-05-03,13:23:58,-07:00,2025-05-03T13:23:58-07:00,3,13
projects/projects.js,57,js,a0579db2,ethanhaus3,2025-05-03,13:23:58,-07:00,2025-05-03T13:23:58-07:00,3,13
projects/projects.js,58,js,a0579db2,ethanhaus3,2025-05-03,13:23:58,-07:00,2025-05-03T13:23:58-07:00,3,44
projects/projects.js,59,js,a0579db2,ethanhaus3,2025-05-03,13:23:58,-07:00,2025-05-03T13:23:58-07:00,3,60
projects/projects.js,60,js,a0579db2,ethanhaus3,2025-05-03,13:23:58,-07:00,2025-05-03T13:23:58-07:00,3,18
projects/projects.js,61,js,a0579db2,ethanhaus3,2025-05-03,13:23:58,-07:00,2025-05-03T13:23:58-07:00,4,12
projects/projects.js,62,js,a0579db2,ethanhaus3,2025-05-03,13:23:58,-07:00,2025-05-03T13:23:58-07:00,5,38
projects/projects.js,63,js,a0579db2,ethanhaus3,2025-05-03,13:23:58,-07:00,2025-05-03T13:23:58-07:00,6,4
projects/projects.js,64,js,a0579db2,ethanhaus3,2025-05-03,13:23:58,-07:00,2025-05-03T13:23:58-07:00,6,24
projects/projects.js,65,js,a0579db2,ethanhaus3,2025-05-03,13:23:58,-07:00,2025-05-03T13:23:58-07:00,0,0
projects/projects.js,66,js,a0579db2,ethanhaus3,2025-05-03,13:23:58,-07:00,2025-05-03T13:23:58-07:00,4,37
projects/projects.js,67,js,a0579db2,ethanhaus3,2025-05-03,13:23:58,-07:00,2025-05-03T13:23:58-07:00,4,48
projects/projects.js,68,js,a0579db2,ethanhaus3,2025-05-03,13:23:58,-07:00,2025-05-03T13:23:58-07:00,4,26
projects/projects.js,69,js,a0579db2,ethanhaus3,2025-05-03,13:23:58,-07:00,2025-05-03T13:23:58-07:00,3,1
projects/projects.js,70,js,a0579db2,ethanhaus3,2025-05-03,13:23:58,-07:00,2025-05-03T13:23:58-07:00,1,1
projects/projects.js,71,js,a0579db2,ethanhaus3,2025-05-03,13:23:58,-07:00,2025-05-03T13:23:58-07:00,0,0
projects/projects.js,72,js,a0579db2,ethanhaus3,2025-05-03,13:23:58,-07:00,2025-05-03T13:23:58-07:00,1,14
projects/projects.js,73,js,a0579db2,ethanhaus3,2025-05-03,13:23:58,-07:00,2025-05-03T13:23:58-07:00,1,34
projects/projects.js,74,js,a0579db2,ethanhaus3,2025-05-03,13:23:58,-07:00,2025-05-03T13:23:58-07:00,1,30
projects/projects.js,75,js,a0579db2,ethanhaus3,2025-05-03,13:23:58,-07:00,2025-05-03T13:23:58-07:00,0,0
projects/projects.js,76,js,a0579db2,ethanhaus3,2025-05-03,13:23:58,-07:00,2025-05-03T13:23:58-07:00,1,24
projects/projects.js,77,js,a0579db2,ethanhaus3,2025-05-03,13:23:58,-07:00,2025-05-03T13:23:58-07:00,2,4
projects/projects.js,78,js,a0579db2,ethanhaus3,2025-05-03,13:23:58,-07:00,2025-05-03T13:23:58-07:00,3,11
projects/projects.js,79,js,a0579db2,ethanhaus3,2025-05-03,13:23:58,-07:00,2025-05-03T13:23:58-07:00,3,42
projects/projects.js,80,js,a0579db2,ethanhaus3,2025-05-03,13:23:58,-07:00,2025-05-03T13:23:58-07:00,3,44
projects/projects.js,81,js,a0579db2,ethanhaus3,2025-05-03,13:23:58,-07:00,2025-05-03T13:23:58-07:00,3,69
projects/projects.js,82,js,a0579db2,ethanhaus3,2025-05-03,13:23:58,-07:00,2025-05-03T13:23:58-07:00,1,1
projects/projects.js,83,js,a0579db2,ethanhaus3,2025-05-03,13:23:58,-07:00,2025-05-03T13:23:58-07:00,0,0
projects/projects.js,84,js,a0579db2,ethanhaus3,2025-05-03,13:23:58,-07:00,2025-05-03T13:23:58-07:00,0,0
projects/projects.js,85,js,a0579db2,ethanhaus3,2025-05-03,13:23:58,-07:00,2025-05-03T13:23:58-07:00,0,15
projects/projects.js,86,js,a0579db2,ethanhaus3,2025-05-03,13:23:58,-07:00,2025-05-03T13:23:58-07:00,0,51
projects/projects.js,87,js,a0579db2,ethanhaus3,2025-05-03,13:23:58,-07:00,2025-05-03T13:23:58-07:00,0,26
projects/projects.js,88,js,a0579db2,ethanhaus3,2025-05-03,13:23:58,-07:00,2025-05-03T13:23:58-07:00,0,0
projects/projects.js,89,js,a0579db2,ethanhaus3,2025-05-03,13:23:58,-07:00,2025-05-03T13:23:58-07:00,0,20
projects/projects.js,90,js,a0579db2,ethanhaus3,2025-05-03,13:23:58,-07:00,2025-05-03T13:23:58-07:00,0,55
projects/projects.js,91,js,a0579db2,ethanhaus3,2025-05-03,13:23:58,-07:00,2025-05-03T13:23:58-07:00,0,48
projects/projects.js,92,js,a0579db2,ethanhaus3,2025-05-03,13:23:58,-07:00,2025-05-03T13:23:58-07:00,1,25
projects/projects.js,93,js,a0579db2,ethanhaus3,2025-05-03,13:23:58,-07:00,2025-05-03T13:23:58-07:00,1,37
projects/projects.js,94,js,a0579db2,ethanhaus3,2025-05-03,13:23:58,-07:00,2025-05-03T13:23:58-07:00,1,48
projects/projects.js,95,js,a0579db2,ethanhaus3,2025-05-03,13:23:58,-07:00,2025-05-03T13:23:58-07:00,1,23
projects/projects.js,96,js,a0579db2,ethanhaus3,2025-05-03,13:23:58,-07:00,2025-05-03T13:23:58-07:00,0,1
projects/index.html,1,html,4cab320c,ethanhaus3,2025-04-05,00:00:47,-07:00,2025-04-05T00:00:47-07:00,0,13
projects/index.html,2,html,4cab320c,ethanhaus3,2025-04-05,00:00:47,-07:00,2025-04-05T00:00:47-07:00,0,14
projects/index.html,3,html,4cab320c,ethanhaus3,2025-04-05,00:00:47,-07:00,2025-04-05T00:00:47-07:00,0,4
projects/index.html,4,html,4cab320c,ethanhaus3,2025-04-05,00:00:47,-07:00,2025-04-05T00:00:47-07:00,2,20
projects/index.html,5,html,4cab320c,ethanhaus3,2025-04-05,00:00:47,-07:00,2025-04-05T00:00:47-07:00,2,68
projects/index.html,6,html,4cab320c,ethanhaus3,2025-04-05,00:00:47,-07:00,2025-04-05T00:00:47-07:00,2,21
projects/index.html,7,html,f2872e4d,ethanhaus3,2025-04-11,21:53:40,-07:00,2025-04-11T21:53:40-07:00,2,41
projects/index.html,8,html,59e7b74b,ethanhaus3,2025-04-18,14:06:45,-07:00,2025-04-18T14:06:45-07:00,2,48
projects/index.html,9,html,362d34d6,ethanhaus3,2025-04-26,17:34:56,-07:00,2025-04-26T17:34:56-07:00,2,49
projects/index.html,10,html,362d34d6,ethanhaus3,2025-04-26,17:34:56,-07:00,2025-04-26T17:34:56-07:00,2,0
projects/index.html,11,html,c26c5f97,ethanhaus3,2025-04-18,13:58:19,-07:00,2025-04-18T13:58:19-07:00,0,0
projects/index.html,12,html,f2872e4d,ethanhaus3,2025-04-11,21:53:40,-07:00,2025-04-11T21:53:40-07:00,0,0
projects/index.html,13,html,4cab320c,ethanhaus3,2025-04-05,00:00:47,-07:00,2025-04-05T00:00:47-07:00,0,5
projects/index.html,14,html,4cab320c,ethanhaus3,2025-04-05,00:00:47,-07:00,2025-04-05T00:00:47-07:00,0,4
projects/index.html,15,html,50c7a933,ethanhaus3,2025-04-18,17:08:56,-07:00,2025-04-18T17:08:56-07:00,2,0
projects/index.html,16,html,208f3c19,ethanhaus3,2025-04-26,21:33:37,-07:00,2025-04-26T21:33:37-07:00,3,51
projects/index.html,17,html,a0579db2,ethanhaus3,2025-05-03,13:23:58,-07:00,2025-05-03T13:23:58-07:00,3,21
projects/index.html,18,html,a0579db2,ethanhaus3,2025-05-03,13:23:58,-07:00,2025-05-03T13:23:58-07:00,4,47
projects/index.html,19,html,a0579db2,ethanhaus3,2025-05-03,13:23:58,-07:00,2025-05-03T13:23:58-07:00,6,0
projects/index.html,20,html,a0579db2,ethanhaus3,2025-05-03,13:23:58,-07:00,2025-05-03T13:23:58-07:00,4,4
projects/index.html,21,html,a0579db2,ethanhaus3,2025-05-03,13:23:58,-07:00,2025-05-03T13:23:58-07:00,4,17
projects/index.html,22,html,a0579db2,ethanhaus3,2025-05-03,13:23:58,-07:00,2025-05-03T13:23:58-07:00,6,10
projects/index.html,23,html,a0579db2,ethanhaus3,2025-05-03,13:23:58,-07:00,2025-05-03T13:23:58-07:00,4,3
projects/index.html,24,html,a0579db2,ethanhaus3,2025-05-03,13:23:58,-07:00,2025-05-03T13:23:58-07:00,3,4
projects/index.html,25,html,a0579db2,ethanhaus3,2025-05-03,13:23:58,-07:00,2025-05-03T13:23:58-07:00,3,4
projects/index.html,26,html,a0579db2,ethanhaus3,2025-05-03,13:23:58,-07:00,2025-05-03T13:23:58-07:00,4,15
projects/index.html,27,html,a0579db2,ethanhaus3,2025-05-03,13:23:58,-07:00,2025-05-03T13:23:58-07:00,4,11
projects/index.html,28,html,a0579db2,ethanhaus3,2025-05-03,13:23:58,-07:00,2025-05-03T13:23:58-07:00,4,26
projects/index.html,29,html,a0579db2,ethanhaus3,2025-05-03,13:23:58,-07:00,2025-05-03T13:23:58-07:00,4,31
projects/index.html,30,html,a0579db2,ethanhaus3,2025-05-03,13:23:58,-07:00,2025-05-03T13:23:58-07:00,0,0
projects/index.html,31,html,4eb7d407,ethanhaus3,2025-04-11,21:05:21,-07:00,2025-04-11T21:05:21-07:00,3,20
projects/index.html,32,html,00000000,Not Committed Yet,2025-05-09,14:17:59,-07:00,2025-05-09T14:17:59-07:00,4,0
projects/index.html,33,html,362d34d6,ethanhaus3,2025-04-26,17:34:56,-07:00,2025-04-26T17:34:56-07:00,4,0
projects/index.html,34,html,4eb7d407,ethanhaus3,2025-04-11,21:05:21,-07:00,2025-04-11T21:05:21-07:00,3,4
projects/index.html,35,html,a0579db2,ethanhaus3,2025-05-03,13:23:58,-07:00,2025-05-03T13:23:58-07:00,3,0
projects/index.html,36,html,4eb7d407,ethanhaus3,2025-04-11,21:05:21,-07:00,2025-04-11T21:05:21-07:00,0,0
projects/index.html,37,html,f2872e4d,ethanhaus3,2025-04-11,21:53:40,-07:00,2025-04-11T21:53:40-07:00,4,0
projects/index.html,38,html,4eb7d407,ethanhaus3,2025-04-11,21:05:21,-07:00,2025-04-11T21:05:21-07:00,5,0
projects/index.html,39,html,9459cee5,ethanhaus3,2025-04-05,01:11:11,-07:00,2025-04-05T01:11:11-07:00,5,0
projects/index.html,40,html,4c34d28c,ethanhaus3,2025-04-05,01:27:53,-07:00,2025-04-05T01:27:53-07:00,5,0
projects/index.html,41,html,4cab320c,ethanhaus3,2025-04-05,00:00:47,-07:00,2025-04-05T00:00:47-07:00,0,5
projects/index.html,42,html,4cab320c,ethanhaus3,2025-04-05,00:00:47,-07:00,2025-04-05T00:00:47-07:00,0,5
contact/index.html,1,html,4cab320c,ethanhaus3,2025-04-05,00:00:47,-07:00,2025-04-05T00:00:47-07:00,0,13
contact/index.html,2,html,4cab320c,ethanhaus3,2025-04-05,00:00:47,-07:00,2025-04-05T00:00:47-07:00,0,14
contact/index.html,3,html,4cab320c,ethanhaus3,2025-04-05,00:00:47,-07:00,2025-04-05T00:00:47-07:00,0,4
contact/index.html,4,html,4cab320c,ethanhaus3,2025-04-05,00:00:47,-07:00,2025-04-05T00:00:47-07:00,2,20
contact/index.html,5,html,4cab320c,ethanhaus3,2025-04-05,00:00:47,-07:00,2025-04-05T00:00:47-07:00,2,68
contact/index.html,6,html,4cab320c,ethanhaus3,2025-04-05,00:00:47,-07:00,2025-04-05T00:00:47-07:00,2,23
contact/index.html,7,html,f2872e4d,ethanhaus3,2025-04-11,21:53:40,-07:00,2025-04-11T21:53:40-07:00,2,41
contact/index.html,8,html,59e7b74b,ethanhaus3,2025-04-18,14:06:45,-07:00,2025-04-18T14:06:45-07:00,2,48
contact/index.html,9,html,c26c5f97,ethanhaus3,2025-04-18,13:58:19,-07:00,2025-04-18T13:58:19-07:00,0,0
contact/index.html,10,html,f2872e4d,ethanhaus3,2025-04-11,21:53:40,-07:00,2025-04-11T21:53:40-07:00,0,0
contact/index.html,11,html,4cab320c,ethanhaus3,2025-04-05,00:00:47,-07:00,2025-04-05T00:00:47-07:00,0,5
contact/index.html,12,html,4cab320c,ethanhaus3,2025-04-05,00:00:47,-07:00,2025-04-05T00:00:47-07:00,0,4
contact/index.html,13,html,50c7a933,ethanhaus3,2025-04-18,17:08:56,-07:00,2025-04-18T17:08:56-07:00,1,0
contact/index.html,14,html,4cab320c,ethanhaus3,2025-04-05,00:00:47,-07:00,2025-04-05T00:00:47-07:00,2,54
contact/index.html,15,html,e6fe463a,ethanhaus3,2025-04-25,14:14:22,-07:00,2025-04-25T14:14:22-07:00,2,54
contact/index.html,16,html,e6fe463a,ethanhaus3,2025-04-25,14:14:22,-07:00,2025-04-25T14:14:22-07:00,4,0
contact/index.html,17,html,832e4d1b,ethanhaus3,2025-04-05,00:08:03,-07:00,2025-04-05T00:08:03-07:00,1,0
contact/index.html,18,html,832e4d1b,ethanhaus3,2025-04-05,00:08:03,-07:00,2025-04-05T00:08:03-07:00,4,19
contact/index.html,19,html,832e4d1b,ethanhaus3,2025-04-05,00:08:03,-07:00,2025-04-05T00:08:03-07:00,5,6
contact/index.html,20,html,832e4d1b,ethanhaus3,2025-04-05,00:08:03,-07:00,2025-04-05T00:08:03-07:00,5,56
contact/index.html,21,html,832e4d1b,ethanhaus3,2025-04-05,00:08:03,-07:00,2025-04-05T00:08:03-07:00,4,6
contact/index.html,22,html,832e4d1b,ethanhaus3,2025-04-05,00:08:03,-07:00,2025-04-05T00:08:03-07:00,4,4
contact/index.html,23,html,832e4d1b,ethanhaus3,2025-04-05,00:08:03,-07:00,2025-04-05T00:08:03-07:00,1,0
contact/index.html,24,html,832e4d1b,ethanhaus3,2025-04-05,00:08:03,-07:00,2025-04-05T00:08:03-07:00,4,19
contact/index.html,25,html,832e4d1b,ethanhaus3,2025-04-05,00:08:03,-07:00,2025-04-05T00:08:03-07:00,5,6
contact/index.html,26,html,832e4d1b,ethanhaus3,2025-04-05,00:08:03,-07:00,2025-04-05T00:08:03-07:00,5,53
contact/index.html,27,html,832e4d1b,ethanhaus3,2025-04-05,00:08:03,-07:00,2025-04-05T00:08:03-07:00,4,6
contact/index.html,28,html,832e4d1b,ethanhaus3,2025-04-05,00:08:03,-07:00,2025-04-05T00:08:03-07:00,4,4
contact/index.html,29,html,832e4d1b,ethanhaus3,2025-04-05,00:08:03,-07:00,2025-04-05T00:08:03-07:00,1,0
contact/index.html,30,html,832e4d1b,ethanhaus3,2025-04-05,00:08:03,-07:00,2025-04-05T00:08:03-07:00,4,35
contact/index.html,31,html,832e4d1b,ethanhaus3,2025-04-05,00:08:03,-07:00,2025-04-05T00:08:03-07:00,3,5
contact/index.html,32,html,4cab320c,ethanhaus3,2025-04-05,00:00:47,-07:00,2025-04-05T00:00:47-07:00,0,5
contact/index.html,33,html,4cab320c,ethanhaus3,2025-04-05,00:00:47,-07:00,2025-04-05T00:00:47-07:00,0,5
